Day,Month,Year,Grid Cell Number,First Thickness Measurement (cm),Second Thickness Measurement (cm),Terrain,Observer Initials
Jour,Mois,Année,Numéro de cellule de grille,Première mesure de l’épaisseur,Deuxième mesure de l’épaisseur,Terrain,Initiales de l’observateur
8,8,2009,1,30,-99999,FG,EP
8,8,2009,2,18.5,-99999,FG,EP
8,8,2009,3,18,-99999,FG,EP
8,8,2009,4,23,-99999,FG,EP
8,8,2009,5,26,-99999,FG,EP
8,8,2009,6,20,-99999,FG,EP
8,8,2009,7,18,-99999,FG,EP
8,8,2009,8,25,-99999,CR,EP
8,8,2009,9,25.5,-99999,CR,EP
8,8,2009,10,21.5,-99999,H,EP
8,8,2009,11,18.5,-99999,FG,EP
8,8,2009,12,18,-99999,FG,EP
8,8,2009,13,25,-99999,FG,EP
8,8,2009,14,17,-99999,FG,EP
8,8,2009,15,17,-99999,FG,EP
8,8,2009,16,19,-99999,FG,EP
8,8,2009,17,25,-99999,FG,EP
8,8,2009,18,24,-99999,FG,EP
8,8,2009,19,16.5,-99999,FG,EP
8,8,2009,20,25,-99999,H,EP
8,8,2009,21,31.5,-99999,FG,EP
8,8,2009,22,28,-99999,FG,EP
8,8,2009,23,22.5,-99999,FG,EP
8,8,2009,24,17.5,-99999,FG,EP
8,8,2009,25,26,-99999,CR,EP
8,8,2009,26,19.5,-99999,FG,EP
8,8,2009,27,22.5,-99999,FG,EP
8,8,2009,28,17,-99999,FG,EP
8,8,2009,29,35,-99999,H,EP
8,8,2009,30,35,-99999,CR,EP
8,8,2009,31,18.5,-99999,FG,EP
8,8,2009,32,34.5,-99999,FG,EP
8,8,2009,33,21,-99999,FG,EP
8,8,2009,34,18,-99999,FG,EP
8,8,2009,35,23.5,-99999,FG,EP
8,8,2009,36,23,-99999,FG,EP
8,8,2009,37,19,-99999,FG,EP
8,8,2009,38,24,-99999,FG,EP
8,8,2009,39,19.5,-99999,H,EP
8,8,2009,40,19,-99999,H,EP
8,8,2009,41,19.5,-99999,FG,EP
8,8,2009,42,28.5,-99999,FG,EP
8,8,2009,43,37.5,-99999,H,EP
8,8,2009,44,21.5,-99999,FG,EP
8,8,2009,45,20,-99999,FG,EP
8,8,2009,46,26,-99999,H,EP
8,8,2009,47,18,-99999,H,EP
8,8,2009,48,20.5,-99999,H,EP
8,8,2009,49,19.5,-99999,H,EP
8,8,2009,50,31,-99999,CR,EP
8,8,2009,51,45,-99999,H,EP
8,8,2009,52,37,-99999,FG,EP
8,8,2009,53,20.5,-99999,FG,EP
8,8,2009,54,30.5,-99999,FG,EP
8,8,2009,55,19.5,-99999,FG,EP
8,8,2009,56,25.5,-99999,CR,EP
8,8,2009,57,26.5,-99999,CR,EP
8,8,2009,58,17.5,-99999,H,EP
8,8,2009,59,25,-99999,CR,EP
8,8,2009,60,19,-99999,CR,EP
8,8,2009,61,44,-99999,FG,EP
8,8,2009,62,30,-99999,FG,EP
8,8,2009,63,17.5,-99999,FG,EP
8,8,2009,64,37,-99999,FG,EP
8,8,2009,65,52.5,-99999,FG,EP
8,8,2009,66,20,-99999,FG,EP
8,8,2009,67,18,-99999,FG,EP
8,8,2009,68,24,-99999,H,EP
8,8,2009,69,21,-99999,H,EP
8,8,2009,70,28,-99999,FG,EP
8,8,2009,71,18,-99999,FG,EP
8,8,2009,72,53,-99999,FG,EP
8,8,2009,73,34,-99999,FG,EP
8,8,2009,74,34.5,-99999,FG,EP
8,8,2009,75,35,-99999,FG,EP
8,8,2009,76,23,-99999,FG,EP
8,8,2009,77,19.5,-99999,FG,EP
8,8,2009,78,19.5,-99999,FG,EP
8,8,2009,79,17.5,-99999,H,EP
8,8,2009,80,20,-99999,CR,EP
8,8,2009,81,56.5,-99999,FG,EP
8,8,2009,82,51.5,-99999,FG,EP
8,8,2009,83,39,-99999,FG,EP
8,8,2009,84,50,-99999,FG,EP
8,8,2009,85,41,-99999,FG,EP
8,8,2009,86,48,-99999,FG,EP
8,8,2009,87,24,-99999,FG,EP
8,8,2009,88,18,-99999,FG,EP
8,8,2009,89,20,-99999,FG,EP
8,8,2009,90,18,-99999,H,EP
8,8,2009,91,33,-99999,FG,EP
8,8,2009,92,34,-99999,FG,EP
8,8,2009,93,53.5,-99999,FG,EP
8,8,2009,94,49.5,-99999,FG,EP
8,8,2009,95,39,-99999,FG,EP
8,8,2009,96,40.5,-99999,FG,EP
8,8,2009,97,26.5,-99999,FG,EP
8,8,2009,98,28.5,-99999,CR,EP
8,8,2009,99,21,-99999,CR,EP
8,8,2009,100,22.5,-99999,CR,EP
4,8,2010,1,34.5,-99999,FG,"EP,  MBl"
4,8,2010,2,16.5,-99999,FG,"EP,  MBl"
4,8,2010,3,21.5,-99999,FG,"EP,  MBl"
4,8,2010,4,26,-99999,FG,"EP,  MBl"
4,8,2010,5,33,-99999,FG,"EP,  MBl"
4,8,2010,6,21,-99999,FG,"EP,  MBl"
4,8,2010,7,20,-99999,FG,"EP,  MBl"
4,8,2010,8,24.5,-99999,FG,"EP,  MBl"
4,8,2010,9,27,-99999,FG,"EP,  MBl"
4,8,2010,10,24,-99999,FG,"EP,  MBl"
4,8,2010,11,44,-99999,FG,"EP,  MBl"
4,8,2010,12,15,-99999,FG,"EP,  MBl"
4,8,2010,13,18,-99999,FG,"EP,  MBl"
4,8,2010,14,17,-99999,FG,"EP,  MBl"
4,8,2010,15,22,-99999,FG,"EP,  MBl"
4,8,2010,16,21.5,-99999,FG,"EP,  MBl"
4,8,2010,17,27,-99999,FG,"EP,  MBl"
4,8,2010,18,27,-99999,FG,"EP,  MBl"
4,8,2010,19,19.5,-99999,FG,"EP,  MBl"
4,8,2010,20,24.5,-99999,FG,"EP,  MBl"
4,8,2010,21,37.5,-99999,FG,"EP,  MBl"
4,8,2010,22,31.5,-99999,FG,"EP,  MBl"
4,8,2010,23,25,-99999,FG,"EP,  MBl"
4,8,2010,24,21,-99999,FG,"EP,  MBl"
4,8,2010,25,30,-99999,FG,"EP,  MBl"
4,8,2010,26,21,-99999,FG,"EP,  MBl"
4,8,2010,27,22.5,-99999,FG,"EP,  MBl"
4,8,2010,28,19,-99999,FG,"EP,  MBl"
4,8,2010,29,42,-99999,FG,"EP,  MBl"
4,8,2010,30,34,-99999,FG,"EP,  MBl"
4,8,2010,31,45,-99999,FG,"EP,  MBl"
4,8,2010,32,22,-99999,FG,"EP,  MBl"
4,8,2010,33,24.5,-99999,FG,"EP,  MBl"
4,8,2010,34,21,-99999,FG,"EP,  MBl"
4,8,2010,35,28,-99999,FG,"EP,  MBl"
4,8,2010,36,25,-99999,FG,"EP,  MBl"
4,8,2010,37,20,-99999,FG,"EP,  MBl"
4,8,2010,38,26,-99999,FG,"EP,  MBl"
4,8,2010,39,22.5,-99999,FG,"EP,  MBl"
4,8,2010,40,23,-99999,FG,"EP,  MBl"
4,8,2010,41,26.5,-99999,FG,"EP,  MBl"
4,8,2010,42,48.5,-99999,FG,"EP,  MBl"
4,8,2010,43,37,-99999,FG,"EP,  MBl"
4,8,2010,44,21,-99999,FG,"EP,  MBl"
4,8,2010,45,23,-99999,FG,"EP,  MBl"
4,8,2010,46,24,-99999,FG,"EP,  MBl"
4,8,2010,47,20,-99999,FG,"EP,  MBl"
4,8,2010,48,24,-99999,FG,"EP,  MBl"
4,8,2010,49,21,-99999,FG,"EP,  MBl"
4,8,2010,50,39.5,-99999,FG,"EP,  MBl"
4,8,2010,51,47,-99999,FG,"EP,  MBl"
4,8,2010,52,34,-99999,FG,"EP,  MBl"
4,8,2010,53,17,-99999,FG,"EP,  MBl"
4,8,2010,54,33.5,-99999,FG,"EP,  MBl"
4,8,2010,55,22,-99999,FG,"EP,  MBl"
4,8,2010,56,28.5,-99999,FG,"EP,  MBl"
4,8,2010,57,29,-99999,FG,"EP,  MBl"
4,8,2010,58,20,-99999,FG,"EP,  MBl"
4,8,2010,59,26,-99999,FG,"EP,  MBl"
4,8,2010,60,25.5,-99999,FG,"EP,  MBl"
4,8,2010,61,39,-99999,FG,"EP,  MBl"
4,8,2010,62,49.5,-99999,FG,"EP,  MBl"
4,8,2010,63,21,-99999,FG,"EP,  MBl"
4,8,2010,64,33.5,-99999,FG,"EP,  MBl"
4,8,2010,65,53,-99999,FG,"EP,  MBl"
4,8,2010,66,22,-99999,FG,"EP,  MBl"
4,8,2010,67,20,-99999,FG,"EP,  MBl"
4,8,2010,68,26,-99999,FG,"EP,  MBl"
4,8,2010,69,22,-99999,FG,"EP,  MBl"
4,8,2010,70,22,-99999,FG,"EP,  MBl"
4,8,2010,71,49,-99999,FG,"EP,  MBl"
4,8,2010,72,47,-99999,FG,"EP,  MBl"
4,8,2010,73,42,-99999,FG,"EP,  MBl"
4,8,2010,74,34,-99999,FG,"EP,  MBl"
4,8,2010,75,26,-99999,FG,"EP,  MBl"
4,8,2010,76,24.5,-99999,FG,"EP,  MBl"
4,8,2010,77,21,-99999,FG,"EP,  MBl"
4,8,2010,78,23.5,-99999,FG,"EP,  MBl"
4,8,2010,79,21,-99999,FG,"EP,  MBl"
4,8,2010,80,21.5,-99999,FG,"EP,  MBl"
4,8,2010,81,48,-99999,FG,"EP,  MBl"
4,8,2010,82,49,-99999,FG,"EP,  MBl"
4,8,2010,83,36,-99999,FG,"EP,  MBl"
4,8,2010,84,46,-99999,FG,"EP,  MBl"
4,8,2010,85,39.5,-99999,FG,"EP,  MBl"
4,8,2010,86,29,-99999,FG,"EP,  MBl"
4,8,2010,87,25,-99999,FG,"EP,  MBl"
4,8,2010,88,21.5,-99999,FG,"EP,  MBl"
4,8,2010,89,22.5,-99999,FG,"EP,  MBl"
4,8,2010,90,22,-99999,FG,"EP,  MBl"
4,8,2010,91,53,-99999,FG,"EP,  MBl"
4,8,2010,92,32,-99999,FG,"EP,  MBl"
4,8,2010,93,56.5,-99999,FG,"EP,  MBl"
4,8,2010,94,41.5,-99999,FG,"EP,  MBl"
4,8,2010,95,35,-99999,FG,"EP,  MBl"
4,8,2010,96,38,-99999,FG,"EP,  MBl"
4,8,2010,97,24,-99999,FG,"EP,  MBl"
4,8,2010,98,30,-99999,FG,"EP,  MBl"
4,8,2010,99,29,-99999,FG,"EP,  MBl"
4,8,2010,100,22,-99999,FG,"EP,  MBl"
6,8,2011,1,44.5,51.5,FG,"SC, DK"
6,8,2011,2,30,23,FG,"SC, DK"
6,8,2011,3,26,26,FG,"SC, DK"
6,8,2011,4,29,32,FG,"SC, DK"
6,8,2011,5,34,37.5,FG,"SC, DK"
6,8,2011,6,28,27.5,FG,"SC, DK"
6,8,2011,7,27.5,26,FG,"SC, DK"
6,8,2011,8,36,40,FG,"SC, DK"
6,8,2011,9,38.5,49,FG,"SC, DK"
6,8,2011,10,45.5,46,FG,"SC, DK"
6,8,2011,11,66,71,FG,"SC, DK"
6,8,2011,12,43.5,47,FG,"SC, DK"
6,8,2011,13,45.5,33,FG,"SC, DK"
6,8,2011,14,31.5,31,FG,"SC, DK"
6,8,2011,15,24,26,FG,"SC, DK"
6,8,2011,16,29,35,FG,"SC, DK"
6,8,2011,17,30,28,FG,"SC, DK"
6,8,2011,18,27,25.5,FG,"SC, DK"
6,8,2011,19,28.5,29.5,FG,"SC, DK"
6,8,2011,20,23,28.5,FG,"SC, DK"
6,8,2011,21,46,46,FG,"SC, DK"
6,8,2011,22,35.5,47.5,FG,"SC, DK"
6,8,2011,23,33.5,26.5,FG,"SC, DK"
6,8,2011,24,25.5,27,FG,"SC, DK"
6,8,2011,25,39.5,35,FG,"SC, DK"
6,8,2011,26,24,28,FG,"SC, DK"
6,8,2011,27,24,27,FG,"SC, DK"
6,8,2011,28,22,25,FG,"SC, DK"
6,8,2011,29,43,35.5,FG,"SC, DK"
6,8,2011,30,47,44,FG,"SC, DK"
6,8,2011,31,51,52,FG,"SC, DK"
6,8,2011,32,45,44.5,FG,"SC, DK"
6,8,2011,33,29,22,FG,"SC, DK"
6,8,2011,34,26,32,FG,"SC, DK"
6,8,2011,35,27,27,FG,"SC, DK"
6,8,2011,36,24,20,FG,"SC, DK"
6,8,2011,37,22.5,23,FG,"SC, DK"
6,8,2011,38,29,23.5,FG,"SC, DK"
6,8,2011,39,25.5,30,FG,"SC, DK"
6,8,2011,40,24.5,27,FG,"SC, DK"
6,8,2011,41,35.5,38.5,FG,"SC, DK"
6,8,2011,42,41,43.5,FG,"SC, DK"
6,8,2011,43,56,29,FG,"SC, DK"
6,8,2011,44,24,36,FG,"SC, DK"
6,8,2011,45,24,25.5,FG,"SC, DK"
6,8,2011,46,28.5,24.5,FG,"SC, DK"
6,8,2011,47,23,21.5,FG,"SC, DK"
6,8,2011,48,21,27,FG,"SC, DK"
6,8,2011,49,30,33.5,FG,"SC, DK"
6,8,2011,50,35.5,46,FG,"SC, DK"
6,8,2011,51,53,48.5,FG,"SC, DK"
6,8,2011,52,38.5,33,FG,"SC, DK"
6,8,2011,53,27,59.5,FG,"SC, DK"
6,8,2011,54,39,33,FG,"SC, DK"
6,8,2011,55,25,23,FG,"SC, DK"
6,8,2011,56,28,26.5,FG,"SC, DK"
6,8,2011,57,32,36.5,FG,"SC, DK"
6,8,2011,58,31,26,FG,"SC, DK"
6,8,2011,59,28.5,24,FG,"SC, DK"
6,8,2011,60,33.5,40,FG,"SC, DK"
6,8,2011,61,57,40,FG,"SC, DK"
6,8,2011,62,57,30.5,FG,"SC, DK"
6,8,2011,63,39,43,FG,"SC, DK"
6,8,2011,64,34,33.5,FG,"SC, DK"
6,8,2011,65,24,32.5,FG,"SC, DK"
6,8,2011,66,25.5,22.5,FG,"SC, DK"
6,8,2011,67,22.5,27,FG,"SC, DK"
6,8,2011,68,31.5,17,FG,"SC, DK"
6,8,2011,69,24,20.5,FG,"SC, DK"
6,8,2011,70,29.5,31,FG,"SC, DK"
6,8,2011,71,66,49.5,FG,"SC, DK"
6,8,2011,72,60.5,47.5,FG,"SC, DK"
6,8,2011,73,59,59.5,FG,"SC, DK"
6,8,2011,74,58.5,45,FG,"SC, DK"
6,8,2011,75,46,56.5,FG,"SC, DK"
6,8,2011,76,38.5,34.5,FG,"SC, DK"
6,8,2011,77,21.5,25,FG,"SC, DK"
6,8,2011,78,25,22,FG,"SC, DK"
6,8,2011,79,24.5,23.5,FG,"SC, DK"
6,8,2011,80,30.5,21,FG,"SC, DK"
6,8,2011,81,67,50.5,FG,"SC, DK"
6,8,2011,82,60.5,56.5,FG,"SC, DK"
6,8,2011,83,52,61,FG,"SC, DK"
6,8,2011,84,31.5,59,FG,"SC, DK"
6,8,2011,85,56.5,54,FG,"SC, DK"
6,8,2011,86,56,57.5,FG,"SC, DK"
6,8,2011,87,35.5,40.5,FG,"SC, DK"
6,8,2011,88,24.5,23,FG,"SC, DK"
6,8,2011,89,26.5,29.5,FG,"SC, DK"
6,8,2011,90,22,19.5,FG,"SC, DK"
6,8,2011,91,44,49,FG,"SC, DK"
6,8,2011,92,52,49,FG,"SC, DK"
6,8,2011,93,63,52,FG,"SC, DK"
6,8,2011,94,37.5,62,FG,"SC, DK"
6,8,2011,95,37.5,53,FG,"SC, DK"
6,8,2011,96,46.5,48.5,FG,"SC, DK"
6,8,2011,97,30.5,31,FG,"SC, DK"
6,8,2011,98,30,26.5,FG,"SC, DK"
6,8,2011,99,25,32,FG,"SC, DK"
6,8,2011,100,29,29.5,FG,"SC, DK"
2,8,2012,1,44.5,40,FG,MNK
2,8,2012,2,31,27,FG,MNK
2,8,2012,3,28,28,FG,MNK
2,8,2012,4,28,39,FG,MNK
2,8,2012,5,32,34,FG,MNK
2,8,2012,6,25,26,FG,MNK
2,8,2012,7,26,29,FG,MNK
2,8,2012,8,33,31,FG,MNK
2,8,2012,9,43,33,FG,MNK
2,8,2012,10,36,29,FG,MNK
2,8,2012,11,68,52,FG,MNK
2,8,2012,12,48,41,FG,MNK
2,8,2012,13,46,43,FG,MNK
2,8,2012,14,38,37,FG,MNK
2,8,2012,15,25,24,FG,MNK
2,8,2012,16,29,31,FG,MNK
2,8,2012,17,29,27,FG,MNK
2,8,2012,18,29,28,FG,MNK
2,8,2012,19,30,24,FG,MNK
2,8,2012,20,30,30,FG,MNK
2,8,2012,21,44,48,FG,MNK
2,8,2012,22,37,42,FG,MNK
2,8,2012,23,29,35,FG,MNK
2,8,2012,24,27,29,FG,MNK
2,8,2012,25,34,38,FG,MNK
2,8,2012,26,27,27,FG,MNK
2,8,2012,27,27,30,FG,MNK
2,8,2012,28,26,32,FG,MNK
2,8,2012,29,45,47,FG,MNK
2,8,2012,30,49,39,FG,MNK
2,8,2012,31,51,52,FG,MNK
2,8,2012,32,43,42,FG,MNK
2,8,2012,33,30,35,FG,MNK
2,8,2012,34,30,29,FG,MNK
2,8,2012,35,32,30,FG,MNK
2,8,2012,36,25,30,FG,MNK
2,8,2012,37,29,32,FG,MNK
2,8,2012,38,28,29,FG,MNK
2,8,2012,39,29,28,FG,MNK
2,8,2012,40,33,44,FG,MNK
2,8,2012,41,29,30,FG,MNK
2,8,2012,42,35,40,FG,MNK
2,8,2012,43,51,48,FG,MNK
2,8,2012,44,33,29,FG,MNK
2,8,2012,45,27,29,FG,MNK
2,8,2012,46,25,28,FG,MNK
2,8,2012,47,29,27,FG,MNK
2,8,2012,48,34,28,FG,MNK
2,8,2012,49,29,30,FG,MNK
2,8,2012,50,29,57,FG,MNK
2,8,2012,51,51,55,FG,MNK
2,8,2012,52,43,45,FG,MNK
2,8,2012,53,39,40,FG,MNK
2,8,2012,54,37,41,FG,MNK
2,8,2012,55,27,34,FG,MNK
2,8,2012,56,24,27,FG,MNK
2,8,2012,57,31,34,FG,MNK
2,8,2012,58,24,24,FG,MNK
2,8,2012,59,33,30,FG,MNK
2,8,2012,60,37,35,FG,MNK
2,8,2012,61,41,43,FG,MNK
2,8,2012,62,46,48,FG,MNK
2,8,2012,63,40,43,FG,MNK
2,8,2012,64,42,40,FG,MNK
2,8,2012,65,32,42,FG,MNK
2,8,2012,66,32,28,FG,MNK
2,8,2012,67,25,23,FG,MNK
2,8,2012,68,28,35,FG,MNK
2,8,2012,69,21,24,FG,MNK
2,8,2012,70,30,29,FG,MNK
2,8,2012,71,45,68,FG,MNK
2,8,2012,72,45,56,FG,MNK
2,8,2012,73,62,68,FG,MNK
2,8,2012,74,47,46,FG,MNK
2,8,2012,75,43,36,FG,MNK
2,8,2012,76,31,32,FG,MNK
2,8,2012,77,22,24,FG,MNK
2,8,2012,78,25,26,FG,MNK
2,8,2012,79,24,28,FG,MNK
2,8,2012,80,30,35,FG,MNK
2,8,2012,81,50,65,FG,MNK
2,8,2012,82,53,49,FG,MNK
2,8,2012,83,48,46,FG,MNK
2,8,2012,84,47,51,FG,MNK
2,8,2012,85,50,41,FG,MNK
2,8,2012,86,43,38,FG,MNK
2,8,2012,87,27,31,FG,MNK
2,8,2012,88,22,24,FG,MNK
2,8,2012,89,26,24,FG,MNK
2,8,2012,90,24,25,FG,MNK
2,8,2012,91,50,49,FG,MNK
2,8,2012,92,37,33,FG,MNK
2,8,2012,93,32,38,FG,MNK
2,8,2012,94,45,34,FG,MNK
2,8,2012,95,43,42,FG,MNK
2,8,2012,96,37,38,FG,MNK
2,8,2012,97,35,30,FG,MNK
2,8,2012,98,32,27,FG,MNK
2,8,2012,99,25,25,FG,MNK
2,8,2012,100,21,23,FG,MNK
9,8,2013,1,20,16,H,"MBe, AG"
9,8,2013,2,23,22,H,"MBe, AG"
9,8,2013,3,23,20,H,"MBe, AG"
9,8,2013,4,24,25,H,"MBe, AG"
9,8,2013,5,30,24,FG,"MBe, AG"
9,8,2013,6,23,25,FG,"MBe, AG"
9,8,2013,7,22,21,FG,"MBe, AG"
9,8,2013,8,18,25,H,"MBe, AG"
9,8,2013,9,19,22,FG,"MBe, AG"
9,8,2013,10,32,30,H,"MBe, AG"
9,8,2013,11,34,22,FG,"MBe, AG"
9,8,2013,12,35,23,FG,"MBe, AG"
9,8,2013,13,24,16,FG,"MBe, AG"
9,8,2013,14,17,30,FG,"MBe, AG"
9,8,2013,15,23,17,FG,"MBe, AG"
9,8,2013,16,23,24,FG,"MBe, AG"
9,8,2013,17,24,23,H,"MBe, AG"
9,8,2013,18,24,22,FG,"MBe, AG"
9,8,2013,19,23,24,H,"MBe, AG"
9,8,2013,20,27,25,H,"MBe, AG"
9,8,2013,21,34,36,FG,"MBe, AG"
9,8,2013,22,21,27,FG,"MBe, AG"
9,8,2013,23,18,22,FG,"MBe, AG"
9,8,2013,24,15,18,FG,"MBe, AG"
9,8,2013,25,29,32,FG,"MBe, AG"
9,8,2013,26,22,16,H,"MBe, AG"
9,8,2013,27,23,23,FG,"MBe, AG"
9,8,2013,28,19,22,FG,"MBe, AG"
9,8,2013,29,26,29,FG,"MBe, AG"
9,8,2013,30,27,25,FG,"MBe, AG"
9,8,2013,31,25,37,FG,"MBe, AG"
9,8,2013,32,27,17,FG,"MBe, AG"
9,8,2013,33,19,24,H,"MBe, AG"
9,8,2013,34,23,22,H,"MBe, AG"
9,8,2013,35,26,19,H,"MBe, AG"
9,8,2013,36,24,25,H,"MBe, AG"
9,8,2013,37,23,24,FG,"MBe, AG"
9,8,2013,38,25,24,H,"MBe, AG"
9,8,2013,39,25,24,H,"MBe, AG"
9,8,2013,40,22,19,H,"MBe, AG"
9,8,2013,41,28,28,H,"MBe, AG"
9,8,2013,42,19,25,H,"MBe, AG"
9,8,2013,43,26,25,H,"MBe, AG"
9,8,2013,44,23,19,FG,"MBe, AG"
9,8,2013,45,23,20,H,"MBe, AG"
9,8,2013,46,23,25,H,"MBe, AG"
9,8,2013,47,19,19,FG,"MBe, AG"
9,8,2013,48,24,27,H,"MBe, AG"
9,8,2013,49,26,20,H,"MBe, AG"
9,8,2013,50,20,25,FG,"MBe, AG"
9,8,2013,51,26,36,H,"MBe, AG"
9,8,2013,52,32,37,FG,"MBe, AG"
9,8,2013,53,32,35,FG,"MBe, AG"
9,8,2013,54,32,29,H,"MBe, AG"
9,8,2013,55,23,26,H,"MBe, AG"
9,8,2013,56,21,25,FG,"MBe, AG"
9,8,2013,57,28,25,H,"MBe, AG"
9,8,2013,58,25,26,H,"MBe, AG"
9,8,2013,59,24,22,H,"MBe, AG"
9,8,2013,60,29,29,H,"MBe, AG"
9,8,2013,61,29,42,H,"MBe, AG"
9,8,2013,62,35,26,FG,"MBe, AG"
9,8,2013,63,27,22,FG,"MBe, AG"
9,8,2013,64,22,24,FG,"MBe, AG"
9,8,2013,65,41,43,FG,"MBe, AG"
9,8,2013,66,25,26,FG,"MBe, AG"
9,8,2013,67,22,23,FG,"MBe, AG"
9,8,2013,68,26,25,H,"MBe, AG"
9,8,2013,69,20,25,H,"MBe, AG"
9,8,2013,70,25,24,H,"MBe, AG"
9,8,2013,71,25,58,FG,"MBe, AG"
9,8,2013,72,46,41,FG,"MBe, AG"
9,8,2013,73,31,38,FG,"MBe, AG"
9,8,2013,74,32,21,H,"MBe, AG"
9,8,2013,75,25,34,H,"MBe, AG"
9,8,2013,76,25,24,FG,"MBe, AG"
9,8,2013,77,20,22,H,"MBe, AG"
9,8,2013,78,23,23,H,"MBe, AG"
9,8,2013,79,24,25,H,"MBe, AG"
9,8,2013,80,24,31,FG,"MBe, AG"
9,8,2013,81,28,54,H,"MBe, AG"
9,8,2013,82,34,24,FG,"MBe, AG"
9,8,2013,83,26,28,H,"MBe, AG"
9,8,2013,84,32,36,FG,"MBe, AG"
9,8,2013,85,24,35,H,"MBe, AG"
9,8,2013,86,19,20,FG,"MBe, AG"
9,8,2013,87,25,24,FG,"MBe, AG"
9,8,2013,88,25,22,FG,"MBe, AG"
9,8,2013,89,21,22,H,"MBe, AG"
9,8,2013,90,22,24,H,"MBe, AG"
9,8,2013,91,31,29,FG,"MBe, AG"
9,8,2013,92,24,30,H,"MBe, AG"
9,8,2013,93,23,30,FG,"MBe, AG"
9,8,2013,94,25,30,H,"MBe, AG"
9,8,2013,95,30,27,FG,"MBe, AG"
9,8,2013,96,30,32,FG,"MBe, AG"
9,8,2013,97,25,24,H,"MBe, AG"
9,8,2013,98,22,20,FG,"MBe, AG"
9,8,2013,99,23,23,H,"MBe, AG"
9,8,2013,100,21,19,FG,"MBe, AG"
4,8,2014,1,19.5,15,FG,"MM, MNQ"
4,8,2014,2,25,26,R,"MM, MNQ"
4,8,2014,3,21,21,R,"MM, MNQ"
4,8,2014,4,27,23,FG,"MM, MNQ"
4,8,2014,5,29,28,R,"MM, MNQ"
4,8,2014,6,20,23,FG,"MM, MNQ"
4,8,2014,7,20,19,FG,"MM, MNQ"
4,8,2014,8,24,26,FG,"MM, MNQ"
4,8,2014,9,30,35,FG,"MM, MNQ"
4,8,2014,10,38,34,FG,"MM, MNQ"
4,8,2014,11,36,39,FG,"MM, MNQ"
4,8,2014,12,31,31,R,"MM, MNQ"
4,8,2014,13,29,26.5,R,"MM, MNQ"
4,8,2014,14,30,27,R,"MM, MNQ"
4,8,2014,15,22,23,FG,"MM, MNQ"
4,8,2014,16,23,22,FG,"MM, MNQ"
4,8,2014,17,28,25,FG,"MM, MNQ"
4,8,2014,18,23,23,FG,"MM, MNQ"
4,8,2014,19,22,23,FG,"MM, MNQ"
4,8,2014,20,31,37,FG,"MM, MNQ"
4,8,2014,21,32,35,R,"MM, MNQ"
4,8,2014,22,26,25,FG,"MM, MNQ"
4,8,2014,23,26,26,FG,"MM, MNQ"
4,8,2014,24,20,21,FG,"MM, MNQ"
4,8,2014,25,32,36.5,FG,"MM, MNQ"
4,8,2014,26,24,23,FG,"MM, MNQ"
4,8,2014,27,21,20.5,R,"MM, MNQ"
4,8,2014,28,19,17,FG,"MM, MNQ"
4,8,2014,29,41,41,FG,"MM, MNQ"
4,8,2014,30,33,33,FG,"MM, MNQ"
4,8,2014,31,42,23,FG,"MM, MNQ"
4,8,2014,32,29,27,FG,"MM, MNQ"
4,8,2014,33,24,21,R,"MM, MNQ"
4,8,2014,34,21,20,FG,"MM, MNQ"
4,8,2014,35,27,24.5,FG,"MM, MNQ"
4,8,2014,36,26,27,R,"MM, MNQ"
4,8,2014,37,22,22,FG,"MM, MNQ"
4,8,2014,38,23,21,FG,"MM, MNQ"
4,8,2014,39,22,23,FG,"MM, MNQ"
4,8,2014,40,29,30,FG,"MM, MNQ"
4,8,2014,41,26,27,FG,"MM, MNQ"
4,8,2014,42,45,48,FG,"MM, MNQ"
4,8,2014,43,35,35,FG,"MM, MNQ"
4,8,2014,44,21,21,FG,"MM, MNQ"
4,8,2014,45,17,21,R,"MM, MNQ"
4,8,2014,46,27,24,FG,"MM, MNQ"
4,8,2014,47,19.5,20,FG,"MM, MNQ"
4,8,2014,48,25,24,R,"MM, MNQ"
4,8,2014,49,20.5,20,FG,"MM, MNQ"
4,8,2014,50,32,33,FG,"MM, MNQ"
4,8,2014,51,39,39,FG,"MM, MNQ"
4,8,2014,52,34,32,FG,"MM, MNQ"
4,8,2014,53,23,38,R,"MM, MNQ"
4,8,2014,54,33.5,24,FG,"MM, MNQ"
4,8,2014,55,24,23,FG,"MM, MNQ"
4,8,2014,56,27,27,FG,"MM, MNQ"
4,8,2014,57,29,29,FG,"MM, MNQ"
4,8,2014,58,23,23,R,"MM, MNQ"
4,8,2014,59,25,23.5,FG,"MM, MNQ"
4,8,2014,60,22.5,22,FG,"MM, MNQ"
4,8,2014,61,37,46,FG,"MM, MNQ"
4,8,2014,62,38,34,FG,"MM, MNQ"
4,8,2014,63,24,23,R,"MM, MNQ"
4,8,2014,64,24,25,FG,"MM, MNQ"
4,8,2014,65,49,39,FG,"MM, MNQ"
4,8,2014,66,22,25,R,"MM, MNQ"
4,8,2014,67,22,19,R,"MM, MNQ"
4,8,2014,68,27,26,FG,"MM, MNQ"
4,8,2014,69,18,16,R,"MM, MNQ"
4,8,2014,70,27,23,FG,"MM, MNQ"
4,8,2014,71,30,27,FG,"MM, MNQ"
4,8,2014,72,46,43,FG,"MM, MNQ"
4,8,2014,73,35,45,FG,"MM, MNQ"
4,8,2014,74,37,33.5,FG,"MM, MNQ"
4,8,2014,75,30,28,FG,"MM, MNQ"
4,8,2014,76,23,22,FG,"MM, MNQ"
4,8,2014,77,21,21,FG,"MM, MNQ"
4,8,2014,78,22,22,FG,"MM, MNQ"
4,8,2014,79,21,23,FG,"MM, MNQ"
4,8,2014,80,24,28,FG,"MM, MNQ"
4,8,2014,81,40,48,FG,"MM, MNQ"
4,8,2014,82,35,39,FG,"MM, MNQ"
4,8,2014,83,28,27,FG,"MM, MNQ"
4,8,2014,84,35,34,FG,"MM, MNQ"
4,8,2014,85,31,31.5,FG,"MM, MNQ"
4,8,2014,86,38,37,FG,"MM, MNQ"
4,8,2014,87,24.5,25,FG,"MM, MNQ"
4,8,2014,88,23,23,FG,"MM, MNQ"
4,8,2014,89,22,22,FG,"MM, MNQ"
4,8,2014,90,21,23,FG,"MM, MNQ"
4,8,2014,91,29,29,FG,"MM, MNQ"
4,8,2014,92,26,25.5,FG,"MM, MNQ"
4,8,2014,93,50,48,FG,"MM, MNQ"
4,8,2014,94,35,41,FG,"MM, MNQ"
4,8,2014,95,32,33,FG,"MM, MNQ"
4,8,2014,96,30,31,FG,"MM, MNQ"
4,8,2014,97,22,26,FG,"MM, MNQ"
4,8,2014,98,28,29,FG,"MM, MNQ"
4,8,2014,99,21,23,FG,"MM, MNQ"
4,8,2014,100,25,24,FG,"MM, MNQ"
15,8,2015,1,25,32,FG,"JG, MNQ, CC"
15,8,2015,2,22,21,FG,"JG, MNQ, CC"
15,8,2015,3,21,19,FG,"JG, MNQ, CC"
15,8,2015,4,25,24,FG,"JG, MNQ, CC"
15,8,2015,5,19,24,FG,"JG, MNQ, CC"
15,8,2015,6,20,21,FG,"JG, MNQ, CC"
15,8,2015,7,21,19,FG,"JG, MNQ, CC"
15,8,2015,8,23,25,FG,"JG, MNQ, CC"
15,8,2015,9,26,22,FG,"JG, MNQ, CC"
15,8,2015,10,22,25,FG,"JG, MNQ, CC"
15,8,2015,11,37,35,FG,"JG, MNQ, CC"
15,8,2015,12,26,30,FG,"JG, MNQ, CC"
15,8,2015,13,32,27,FG,"JG, MNQ, CC"
15,8,2015,14,26,26,FG,"JG, MNQ, CC"
15,8,2015,15,22,20,FG,"JG, MNQ, CC"
15,8,2015,16,21,22,FG,"JG, MNQ, CC"
15,8,2015,17,23,23,FG,"JG, MNQ, CC"
15,8,2015,18,21,23,FG,"JG, MNQ, CC"
15,8,2015,19,21,23,FG,"JG, MNQ, CC"
15,8,2015,20,24,31,FG,"JG, MNQ, CC"
15,8,2015,21,33,30,FG,"JG, MNQ, CC"
15,8,2015,22,25,25,FG,"JG, MNQ, CC"
15,8,2015,23,24,25,FG,"JG, MNQ, CC"
15,8,2015,24,19,17,FG,"JG, MNQ, CC"
15,8,2015,25,28,34,FG,"JG, MNQ, CC"
15,8,2015,26,23,22,FG,"JG, MNQ, CC"
15,8,2015,27,21,20,FG,"JG, MNQ, CC"
15,8,2015,28,20,18,FG,"JG, MNQ, CC"
15,8,2015,29,38,39,FG,"JG, MNQ, CC"
15,8,2015,30,26,34,FG,"JG, MNQ, CC"
15,8,2015,31,38,41,FG,"JG, MNQ, CC"
15,8,2015,32,25,27,FG,"JG, MNQ, CC"
15,8,2015,33,22,22,FG,"JG, MNQ, CC"
15,8,2015,34,21,21,FG,"JG, MNQ, CC"
15,8,2015,35,23,23,FG,"JG, MNQ, CC"
15,8,2015,36,23,27,FG,"JG, MNQ, CC"
15,8,2015,37,19,21,FG,"JG, MNQ, CC"
15,8,2015,38,22,21,FG,"JG, MNQ, CC"
15,8,2015,39,20,22,FG,"JG, MNQ, CC"
15,8,2015,40,29,23,FG,"JG, MNQ, CC"
15,8,2015,41,23,22,FG,"JG, MNQ, CC"
15,8,2015,42,32,38,FG,"JG, MNQ, CC"
15,8,2015,43,29,26,FG,"JG, MNQ, CC"
15,8,2015,44,16,21,FG,"JG, MNQ, CC"
15,8,2015,45,17,20,FG,"JG, MNQ, CC"
15,8,2015,46,22,23,FG,"JG, MNQ, CC"
15,8,2015,47,19,18,FG,"JG, MNQ, CC"
15,8,2015,48,24,22,FG,"JG, MNQ, CC"
15,8,2015,49,23,24,FG,"JG, MNQ, CC"
15,8,2015,50,29,28,FG,"JG, MNQ, CC"
15,8,2015,51,36,35,FG,"JG, MNQ, CC"
15,8,2015,52,33,30,FG,"JG, MNQ, CC"
15,8,2015,53,25,29,FG,"JG, MNQ, CC"
15,8,2015,54,23,26,FG,"JG, MNQ, CC"
15,8,2015,55,20,22,FG,"JG, MNQ, CC"
15,8,2015,56,21,22,FG,"JG, MNQ, CC"
15,8,2015,57,25,24,FG,"JG, MNQ, CC"
15,8,2015,58,21,20,FG,"JG, MNQ, CC"
15,8,2015,59,23,21,FG,"JG, MNQ, CC"
15,8,2015,60,22,21,FG,"JG, MNQ, CC"
15,8,2015,61,44,36,FG,"JG, MNQ, CC"
15,8,2015,62,33,36,FG,"JG, MNQ, CC"
15,8,2015,63,20,22,FG,"JG, MNQ, CC"
15,8,2015,64,25,24,FG,"JG, MNQ, CC"
15,8,2015,65,42,36,FG,"JG, MNQ, CC"
15,8,2015,66,26,26,FG,"JG, MNQ, CC"
15,8,2015,67,19,21,FG,"JG, MNQ, CC"
15,8,2015,68,24,23,FG,"JG, MNQ, CC"
15,8,2015,69,21,20,FG,"JG, MNQ, CC"
15,8,2015,70,24,21,FG,"JG, MNQ, CC"
15,8,2015,71,29,42,FG,"JG, MNQ, CC"
15,8,2015,72,35,43,FG,"JG, MNQ, CC"
15,8,2015,73,38,43,FG,"JG, MNQ, CC"
15,8,2015,74,31,30,FG,"JG, MNQ, CC"
15,8,2015,75,26,28,FG,"JG, MNQ, CC"
15,8,2015,76,22,20,FG,"JG, MNQ, CC"
15,8,2015,77,22,22,FG,"JG, MNQ, CC"
15,8,2015,78,21,21,FG,"JG, MNQ, CC"
15,8,2015,79,18,18,FG,"JG, MNQ, CC"
15,8,2015,80,25,25,FG,"JG, MNQ, CC"
15,8,2015,81,19,32,FG,"JG, MNQ, CC"
15,8,2015,82,35,23,FG,"JG, MNQ, CC"
15,8,2015,83,29,28,FG,"JG, MNQ, CC"
15,8,2015,84,28,28,FG,"JG, MNQ, CC"
15,8,2015,85,28,29,FG,"JG, MNQ, CC"
15,8,2015,86,37,21,FG,"JG, MNQ, CC"
15,8,2015,87,23,20,FG,"JG, MNQ, CC"
15,8,2015,88,20,19,FG,"JG, MNQ, CC"
15,8,2015,89,22,22,FG,"JG, MNQ, CC"
15,8,2015,90,21,22,FG,"JG, MNQ, CC"
15,8,2015,91,30,31,FG,"JG, MNQ, CC"
15,8,2015,92,26,26,FG,"JG, MNQ, CC"
15,8,2015,93,45,39,FG,"JG, MNQ, CC"
15,8,2015,94,23,31,FG,"JG, MNQ, CC"
15,8,2015,95,29,31,FG,"JG, MNQ, CC"
15,8,2015,96,30,29,FG,"JG, MNQ, CC"
15,8,2015,97,21,23,FG,"JG, MNQ, CC"
15,8,2015,98,24,25,FG,"JG, MNQ, CC"
15,8,2015,99,22,17,FG,"JG, MNQ, CC"
15,8,2015,100,19,23,FG,"JG, MNQ, CC"
17,8,2016,1,30,25,FG,"MNQ, DK"
17,8,2016,2,30,20,FG,"MNQ, DK"
17,8,2016,3,23,23,FG,"MNQ, DK"
17,8,2016,4,33,30,FG,"MNQ, DK"
17,8,2016,5,28,30,FG,"MNQ, DK"
17,8,2016,6,28,28,FG,"MNQ, DK"
17,8,2016,7,25,25,FG,"MNQ, DK"
17,8,2016,8,36,36,FG,"MNQ, DK"
17,8,2016,9,36,38,FG,"MNQ, DK"
17,8,2016,10,48,48,FG,"MNQ, DK"
17,8,2016,11,48,46,FG,"MNQ, DK"
17,8,2016,12,33,36,FG,"MNQ, DK"
17,8,2016,13,36,33,FG,"MNQ, DK"
17,8,2016,14,33,33,FG,"MNQ, DK"
17,8,2016,15,23,25,FG,"MNQ, DK"
17,8,2016,16,25,30,FG,"MNQ, DK"
17,8,2016,17,33,28,FG,"MNQ, DK"
17,8,2016,18,25,25,FG,"MNQ, DK"
17,8,2016,19,25,30,FG,"MNQ, DK"
17,8,2016,20,30,38,FG,"MNQ, DK"
17,8,2016,21,38,35,FG,"MNQ, DK"
17,8,2016,22,30,25,FG,"MNQ, DK"
17,8,2016,23,30,27,FG,"MNQ, DK"
17,8,2016,24,25,23,FG,"MNQ, DK"
17,8,2016,25,38,-99999,FG,"MNQ, DK"
17,8,2016,26,25,27,FG,"MNQ, DK"
17,8,2016,27,20,23,FG,"MNQ, DK"
17,8,2016,28,23,20,FG,"MNQ, DK"
17,8,2016,29,46,43,FG,"MNQ, DK"
17,8,2016,30,23,41,FG,"MNQ, DK"
17,8,2016,31,41,46,FG,"MNQ, DK"
17,8,2016,32,31,33,FG,"MNQ, DK"
17,8,2016,33,25,28,FG,"MNQ, DK"
17,8,2016,34,20,18,FG,"MNQ, DK"
17,8,2016,35,28,28,FG,"MNQ, DK"
17,8,2016,36,25,33,FG,"MNQ, DK"
17,8,2016,37,25,25,FG,"MNQ, DK"
17,8,2016,38,28,28,FG,"MNQ, DK"
17,8,2016,39,33,28,FG,"MNQ, DK"
17,8,2016,40,31,43,FG,"MNQ, DK"
17,8,2016,41,28,25,FG,"MNQ, DK"
17,8,2016,42,46,41,FG,"MNQ, DK"
17,8,2016,43,33,31,FG,"MNQ, DK"
17,8,2016,44,25,20,FG,"MNQ, DK"
17,8,2016,45,23,23,FG,"MNQ, DK"
17,8,2016,46,25,25,FG,"MNQ, DK"
17,8,2016,47,23,25,FG,"MNQ, DK"
17,8,2016,48,25,28,FG,"MNQ, DK"
17,8,2016,49,31,31,FG,"MNQ, DK"
17,8,2016,50,41,31,FG,"MNQ, DK"
17,8,2016,51,41,38,FG,"MNQ, DK"
17,8,2016,52,33,36,FG,"MNQ, DK"
17,8,2016,53,43,36,FG,"MNQ, DK"
17,8,2016,54,28,36,FG,"MNQ, DK"
17,8,2016,55,25,25,FG,"MNQ, DK"
17,8,2016,56,31,28,FG,"MNQ, DK"
17,8,2016,57,38,33,FG,"MNQ, DK"
17,8,2016,58,25,28,FG,"MNQ, DK"
17,8,2016,59,31,28,FG,"MNQ, DK"
17,8,2016,60,38,33,FG,"MNQ, DK"
17,8,2016,61,51,36,FG,"MNQ, DK"
17,8,2016,62,41,41,FG,"MNQ, DK"
17,8,2016,63,28,33,FG,"MNQ, DK"
17,8,2016,64,31,25,FG,"MNQ, DK"
17,8,2016,65,56,46,FG,"MNQ, DK"
17,8,2016,66,31,31,FG,"MNQ, DK"
17,8,2016,67,25,25,FG,"MNQ, DK"
17,8,2016,68,31,28,FG,"MNQ, DK"
17,8,2016,69,23,20,FG,"MNQ, DK"
17,8,2016,70,33,33,FG,"MNQ, DK"
17,8,2016,71,51,58,FG,"MNQ, DK"
17,8,2016,72,48,53,FG,"MNQ, DK"
17,8,2016,73,43,58,FG,"MNQ, DK"
17,8,2016,74,36,46,FG,"MNQ, DK"
17,8,2016,75,31,31,FG,"MNQ, DK"
17,8,2016,76,25,28,FG,"MNQ, DK"
17,8,2016,77,25,23,FG,"MNQ, DK"
17,8,2016,78,25,25,FG,"MNQ, DK"
17,8,2016,79,20,20,FG,"MNQ, DK"
17,8,2016,80,41,33,FG,"MNQ, DK"
17,8,2016,81,58,38,FG,"MNQ, DK"
17,8,2016,82,46,46,FG,"MNQ, DK"
17,8,2016,83,38,38,FG,"MNQ, DK"
17,8,2016,84,43,41,FG,"MNQ, DK"
17,8,2016,85,38,38,FG,"MNQ, DK"
17,8,2016,86,36,38,FG,"MNQ, DK"
17,8,2016,87,31,28,FG,"MNQ, DK"
17,8,2016,88,25,25,FG,"MNQ, DK"
17,8,2016,89,28,25,FG,"MNQ, DK"
17,8,2016,90,25,23,FG,"MNQ, DK"
17,8,2016,91,38,38,FG,"MNQ, DK"
17,8,2016,92,31,31,FG,"MNQ, DK"
17,8,2016,93,53,53,FG,"MNQ, DK"
17,8,2016,94,56,53,FG,"MNQ, DK"
17,8,2016,95,43,38,FG,"MNQ, DK"
17,8,2016,96,38,38,FG,"MNQ, DK"
17,8,2016,97,31,31,FG,"MNQ, DK"
17,8,2016,98,31,28,FG,"MNQ, DK"
17,8,2016,99,23,28,FG,"MNQ, DK"
17,8,2016,100,31,23,FG,"MNQ, DK"
31,7,2017,1,26,29,FG,MM
31,7,2017,2,23,20,FG,MM
31,7,2017,3,20,18,FG,MM
31,7,2017,4,28,24,FG,MM
31,7,2017,5,20,24,R,MM
31,7,2017,6,20,19,FG,MM
31,7,2017,7,21,22,FG,MM
31,7,2017,8,22,23,FG,MM
31,7,2017,9,24,21,FG,MM
31,7,2017,10,29,27,H,MM
31,7,2017,11,27,29,FG,MM
31,7,2017,12,28,28,FG,MM
31,7,2017,13,29,24,FG,MM
31,7,2017,14,27,28,FG,MM
31,7,2017,15,22,18,FG,MM
31,7,2017,16,22,20,FG,MM
31,7,2017,17,22,22,FG,MM
31,7,2017,18,21,22,FG,MM
31,7,2017,19,23,25,FG,MM
31,7,2017,20,22,30,H,MM
31,7,2017,21,31,31,FG,CM
31,7,2017,22,23,23,FG,CM
31,7,2017,23,24,21,FG,CM
31,7,2017,24,18,16,FG,CM
31,7,2017,25,29,29,FG,CM
31,7,2017,26,22,20,FG,CM
31,7,2017,27,21,20,FG,CM
31,7,2017,28,20,20,FG,CM
31,7,2017,29,33,29,FG,CM
31,7,2017,30,29,26,FG,CM
31,7,2017,31,40,36,FG,DK
31,7,2017,32,25,24,FG,DK
31,7,2017,33,22,20,FG,DK
31,7,2017,34,19,18,FG,DK
31,7,2017,35,23,26,FG,DK
31,7,2017,36,20,20,FG,DK
31,7,2017,37,22,20,FG,DK
31,7,2017,38,22,22,FG,DK
31,7,2017,39,21,22,FG,DK
31,7,2017,40,25,21,H,DK
31,7,2017,41,22,21,FG,DK
31,7,2017,42,35,27,FG,DK
31,7,2017,43,29,25,H,DK
31,7,2017,44,18,21,FG,DK
31,7,2017,45,19,18,FG,DK
31,7,2017,46,22,22,FG,DK
31,7,2017,47,19,18,FG,DK
31,7,2017,48,24,24,FG,DK
31,7,2017,49,25,26,FG,DK
31,7,2017,50,26,24,CR,DK
31,7,2017,51,30,31,FG,CM
31,7,2017,52,31,29,FG,CM
31,7,2017,53,21,30,FG,CM
31,7,2017,54,22,27,H,CM
31,7,2017,55,24,24,FG,CM
31,7,2017,56,23,22,CR,CM
31,7,2017,57,21,24,FG,CM
31,7,2017,58,19,19,H,CM
31,7,2017,59,22,25,CR,CM
31,7,2017,60,22,20,FG,CM
31,7,2017,61,26,34,FG,CM
31,7,2017,62,21,29,FG,CM
31,7,2017,63,19,18,FG,CM
31,7,2017,64,19,24,FG,CM
31,7,2017,65,29,25,CR,CM
31,7,2017,66,24,25,FG,CM
31,7,2017,67,21,21,FG,CM
31,7,2017,68,24,24,FG,CM
31,7,2017,69,21,21,H,CM
31,7,2017,70,26,25,H,CM
31,7,2017,71,45,29,FG,MM
31,7,2017,72,28,39,FG,MM
31,7,2017,73,21,50,FG,MM
31,7,2017,74,29,25,FG,MM
31,7,2017,75,25,26,FG,MM
31,7,2017,76,21,23,FG,MM
31,7,2017,77,18,19,FG,MM
31,7,2017,78,20,20,FG,MM
31,7,2017,79,19,20,FG,MM
31,7,2017,80,25,26,CR,MM
31,7,2017,81,41,40,FG,DK
31,7,2017,82,30,31,FG,DK
31,7,2017,83,28,23,FG,DK
31,7,2017,84,23,25,FG,DK
31,7,2017,85,29,28,FG,DK
31,7,2017,86,33,33,FG,DK
31,7,2017,87,22,20,FG,DK
31,7,2017,88,19,21,FG,DK
31,7,2017,89,23,22,FG,DK
31,7,2017,90,17,21,FG,DK
31,7,2017,91,26,24,FG,DK
31,7,2017,92,27,25,FG,DK
31,7,2017,93,45,44,FG,DK
31,7,2017,94,36,39,FG,DK
31,7,2017,95,29,33,FG,DK
31,7,2017,96,33,31,FG,DK
31,7,2017,97,20,24,FG,DK
31,7,2017,98,25,25,FG,DK
31,7,2017,99,21,16,FG,DK
31,7,2017,100,22,21,CR,DK
