Date/Time,Year,Month,Mean Max Temp (°C),Mean Max Temp Flag,Mean Min Temp (°C),Mean Min Temp Flag,Mean Temp (°C),Mean Temp Flag,Extr Max Temp (°C),Extr Max Temp Flag,Extr Min Temp (°C),Extr Min Temp Flag,Total Rain (mm),Total Rain Flag,Total Snow (cm),Total Snow Flag,Total Precip (mm),Total Precip Flag,Snow Grnd Last Day (cm),Snow Grnd Last Day Flag,,,,
1957-01,1957,1,-27.5,,-32,,-29.8,,-20.6,,-38.9,,,M,,M,,M,,M,,,,
1957-02,1957,2,-23.2,,-26.3,,-24.8,,-13.9,,-32.2,S,,M,,M,,M,,M,,,,
1957-03,1957,3,-18.3,,-21.7,,-20,,-8.3,,-26.1,S,,M,,M,,M,,M,,,,
1957-04,1957,4,-14.7,,-19.4,,-17.1,,-11.1,,-22.2,,,M,,M,,M,,M,,,,
1957-05,1957,5,,M,,M,,M,,M,,M,,M,,M,,M,,M,,,,
1957-06,1957,6,,M,,M,,M,,M,,M,,M,,M,,M,,M,,,,
1957-07,1957,7,,M,,M,,M,,M,,M,,M,,M,,M,,M,,,,
1957-08,1957,8,6.8,,2.2,,4.5,,16.1,,-2.8,,30,,8.4,,38.4,,0,,,,,
1957-09,1957,9,2,,-1.4,,0.3,,11.1,,-7.2,,7.6,,29,,36.6,,0,,,,,
1957-10,1957,10,-6.2,,-10.8,,-8.5,,1.7,S,-23.3,,0,,8.9,,8.9,,,M,,,,
1957-11,1957,11,-15.3,,-20.4,,-17.9,,-8.9,,-26.1,,,M,,M,,M,,M,,,,
1957-12,1957,12,-21.2,,-26.8,,-24,,-10.6,,-41.1,,,M,,M,,M,,M,,,,
1958-01,1958,1,-21.7,,-27.7,,-24.7,,-4.4,,-38.3,S,0,T,0,T,0,T,,M,,,,
1958-02,1958,2,-20.4,,-27,,-23.7,,-1.1,,-37.2,,0,,7.6,,7.6,,,M,,,,
1958-03,1958,3,-18.4,,-24.6,,-21.5,,-7.2,,-30.6,S,,M,,M,,M,,M,,,,
1958-04,1958,4,-16.9,,-24.2,,-20.6,,-5.6,,-30,,0,,53.8,,53.8,,36,,,,,
1958-05,1958,5,-3.4,,-7.7,,-5.6,,2.2,,-14.4,,,M,,M,,M,,M,,,,
1958-06,1958,6,4.4,,,M,,M,13.3,,,M,,M,,M,,M,0,T,Dir of Max Gust (10's deg),Dir of Max Gust Flag,Spd of Max Gust (km/h),Spd of Max Gust Flag
1958-07,1958,7,,M,2.2,,,M,,M,-5,,,M,,M,,M,,M,,,,
1958-08,1958,8,4.2,,-0.2,,2,,12.2,,-5.6,,3.6,,10.7,,14.2,,5,,,,,
1958-09,1958,9,0.4,,-2.8,,-1.2,,7.8,,-6.7,S,0.3,,11.4,,11.7,,8,,,,,
1958-10,1958,10,-6.8,,-10.1,,-8.5,,-2.8,,-17.2,,0,T,47.2,,47.2,,33,,,,,
1958-11,1958,11,-18.7,,-23.7,,-21.2,,-8.3,,-28.3,,0,,23.1,,23.1,,43,,,,,
1958-12,1958,12,-19.1,,-23.4,,-21.3,,-10.6,,-28.9,,0,,55.1,,55.1,,94,,,,,
1959-01,1959,1,-16.8,,-23.3,,-20.1,,-3.3,,-27.8,,0,,36.1,,36.1,,137,,,,,
1959-02,1959,2,-24.7,,-31.4,,-28.1,,-9.4,,-37.8,S,0,,0,,0,,137,,,,,
1959-03,1959,3,-24.2,,-29.9,,-27.1,,-16.1,,-35,S,0,,4.1,,4.1,,140,,,,,
1959-04,1959,4,-14.6,,-20.6,,-17.6,,-7.2,,-28.9,,0,,8.9,,8.9,,38,,,,,
1959-05,1959,5,-6.6,,-11.9,,-9.3,,0.6,S,-20.6,,0,,56.6,,56.6,,10,,,,,
1959-06,1959,6,1.3,,-3.6,,-1.2,,,M,-7.8,,1.3,,28.2,,29.5,,0,T,,,,
1959-07,1959,7,,M,0.4,,,M,,M,-4.4,,4.1,,2.3,,6.4,,0,,,,,
1959-08,1959,8,4.2,,-0.9,,1.7,,10.6,,-3.3,S,21.6,,15.2,,36.8,,0,,,,,
1959-09,1959,9,-0.6,,-3.2,,-1.9,,6.7,,-8.9,,18,,14.7,,32.8,,3,,,,,
1959-10,1959,10,-8.9,,-13.4,,-11.2,,-1.7,S,-24.4,,0,,16.8,,16.8,,13,,,,,
1959-11,1959,11,-13.4,,-17.1,,-15.3,,-2.8,,-22.2,,0,,31.5,,31.5,,30,,,,,
1959-12,1959,12,-18.7,,-23.2,,-21,,-10.6,,-31.7,,0,,8.4,,8.4,,28,,,,,
1960-01,1960,1,-21.4,,-26.5,,-24,,-5.6,,-38.3,S,0,,1.8,,1.8,,23,,,,,
1960-02,1960,2,-18.2,,-24.4,,-21.3,,-1.7,,-33.9,,0,,58.7,,58.7,,53,,,,,
1960-03,1960,3,-23.9,,-27.7,,-25.8,,-7.8,,-36.7,,0,,1.3,,1.3,,33,,,,,
1960-04,1960,4,-16.8,,-22.7,,-19.8,,-1.7,,-30,,0,,5.6,,5.6,,33,,,,,
1960-05,1960,5,-4.3,,-9.3,,-6.8,,2.2,,-13.3,S,0,,39.6,,39.6,,13,,,,,
1960-06,1960,6,1.5,,-2.6,,-0.6,,7.8,,-7.2,,0.3,,13.7,,14,,3,,,,,
1960-07,1960,7,8.8,,2.9,,5.9,,17.2,,-3.9,,4.1,,0,,4.1,,0,,,,,
1960-08,1960,8,4.3,,0.1,,2.2,,14.4,,-3.9,,25.9,,3.6,,29.5,,0,,,,,
1960-09,1960,9,-0.3,,-2.7,,-1.5,,8.3,,-5.6,,18,,4.3,,22.4,,3,,,,,
1960-10,1960,10,-2.7,,-5.9,,-4.3,,1.1,S,-17.2,,0,T,20.1,,20.1,,23,,,,,
1960-11,1960,11,-11.2,,-15.8,,-13.5,,-5.6,S,-26.7,,0,,6.6,,6.6,,30,,,,,
1960-12,1960,12,,M,,M,,M,-15,,-27.8,,0,,3.6,,3.6,,33,,,,,
1961-01,1961,1,-26.2,,-30.4,,-28.3,,-17.2,,-40.6,S,0,,0,T,0,T,33,,,,,
1961-02,1961,2,-26.9,,-31.2,,-29.1,,-14.4,,-39.4,,0,,2.3,,2.3,,36,,,,,
1961-03,1961,3,-30.6,,-34.5,,-32.6,,-24.4,,-37.8,,0,,3.8,,3.8,,38,,,,,
1961-04,1961,4,-10.8,,-17.3,,-14.1,,-3.3,,-28.9,,0,,0.3,,0.3,,18,,,,,
1961-05,1961,5,-9,,-13.8,,-11.4,,2.2,,-20,,0,,37.6,,37.6,,,M,,,,
1961-06,1961,6,3,,-1.9,,0.6,,11.7,,-8.3,,0.3,,0,T,0.3,,0,T,,,,
1961-07,1961,7,10.6,,3.2,,6.9,,17.2,S,-3.3,S,7.9,,0,,7.9,,0,,,,,
1961-08,1961,8,4.2,,0,,2.1,,15.6,,-3.9,,7.6,,11.4,,19.1,,3,,,,,
1961-09,1961,9,-2.2,,-4.9,,-3.6,,3.9,,-10.6,,2.3,,22.1,,24.4,,25,,,,,
1961-10,1961,10,-6.9,,-11.2,,-9.1,,1.7,,-19.4,,2.3,,17.5,,19.8,,36,,,,,
1961-11,1961,11,-15.9,,-20.2,,-18.1,,-5,,-26.7,,0,,3.8,,3.8,,33,,,,,
1961-12,1961,12,-16.1,,-23.3,,-19.7,,-3.3,,-35,,0,,1.3,,1.3,,33,,,,,
1962-01,1962,1,-23.3,,-28.8,,-26.1,,-12.2,,-36.7,,0,,1.8,,1.8,,33,,,,,
1962-02,1962,2,-26.8,,-31.8,,-29.3,,-20,,-37.2,,0,,0,T,0,T,30,,,,,
1962-03,1962,3,-13.8,,-19.1,,-16.5,,-4.4,,-24.4,,0,,12.2,,12.2,,28,,,,,
1962-04,1962,4,-13.2,,-18.7,,-16,,-6.1,,-26.1,,0,,31.8,,31.8,,41,,,,,
1962-05,1962,5,-6.7,,-12.8,,-9.8,,1.1,,-27.8,,0,,21.1,,21.1,,23,,,,,
1962-06,1962,6,2.4,,-2.8,,-0.2,,11.1,,-7.2,,0,T,9.1,,9.1,,5,,,,,
1962-07,1962,7,10.1,,3.8,,7,,18.9,,-3.3,,16.5,,0,,16.5,,0,T,,,,
1962-08,1962,8,6.6,,1,,3.8,,12.8,,-2.2,S,37.6,,2.5,,40.1,,0,,,,,
1962-09,1962,9,0.6,,-2.8,,-1.1,,12.8,,-7.8,,4.1,,16.3,,20.3,,18,,,,,
1962-10,1962,10,-6,,-10.2,,-8.1,,-1.1,,-16.1,S,0,,14,,14,,30,,,,,
1962-11,1962,11,-10.9,,-16.8,,-13.9,,-4.4,,-28.9,,0,,24.4,,24.4,,38,,,,,
1962-12,1962,12,-17.8,,-23.5,,-20.7,,-12.2,,-30,,0,,17.3,,17.3,,48,,,,,
1963-01,1963,1,-17.3,,-25.7,,-21.5,,-2.2,,-34.4,S,0,,13.7,,13.7,,46,,,,,
1963-02,1963,2,-16.6,,-21.7,,-19.2,,-0.6,,-30,,0,,16.3,,16.3,,48,,,,,
1963-03,1963,3,-23.7,,-29.3,,-26.5,,-17.8,,-35.6,,0,,7.6,,7.6,,46,,,,,
1963-04,1963,4,-12.4,,-17.7,,-15.1,,-5,,-33.9,,0,,25.7,,25.7,,48,,,,,
1963-05,1963,5,-7.1,,-12.4,,-9.8,,-1.1,,-18.9,,0,,40.6,,40.6,,46,,,,,
1963-06,1963,6,1,,-3.9,,-1.5,,8.3,,-8.3,,0,,30.5,,30.5,,8,,,,,
1963-07,1963,7,5.3,,0.3,,2.8,,12.8,,-5,,0,T,4.1,,4.1,,0,T,,,,
1963-08,1963,8,5.7,,0.5,,3.1,,15,,-6.1,,1.8,,1.3,,3,,3,,,,,
1963-09,1963,9,-2.7,,-6.3,,-4.5,,0.6,,-11.7,,0,,39.4,,39.4,,36,,,,,
1963-10,1963,10,-6.4,,-10.4,,-8.4,,-3.3,,-15.6,,0,,24.4,,24.4,,53,,,,,
1963-11,1963,11,-11.3,,-15.4,,-13.4,,-0.6,,-28.9,S,0,,28.2,,28.2,,84,,,,,
1963-12,1963,12,-18.7,,-24.6,,-21.7,,-6.1,,-31.7,,0,,8.4,,8.4,,86,,,,,
1964-01,1964,1,-24.6,,-30.3,,-27.5,,-14.4,,-36.7,S,0,,0,T,0,T,64,,,,,
1964-02,1964,2,-21.5,,-27.9,,-24.7,,-6.7,,-36.1,,0,,14.7,,14.7,,74,,,,,
1964-03,1964,3,-26.6,,-33,,-29.8,,-13.3,,-40.6,,0,,0,,0,,66,,,,,
1964-04,1964,4,-14.9,,-21.7,,-18.3,,-0.6,,-33.3,S,0,,0,,0,,51,,,,,
1964-05,1964,5,-7.3,,-12,,-9.7,,0,,-17.8,S,0,,0,T,0,T,38,,,,,
1964-06,1964,6,0.4,,-3.2,,-1.4,,7.2,,-6.7,S,0,T,7.6,,7.6,,8,,,,,
1964-07,1964,7,5.6,,0.3,,3,,13.3,,-4.4,,11.2,,9.1,,20.3,,0,T,,,,
1964-08,1964,8,4.6,,0,,2.3,,12.2,,-3.3,S,37.8,,6.6,,44.5,,0,T,,,,
1964-09,1964,9,1.3,,-1.7,,-0.2,,10.6,,-8.9,,42.2,,21.3,,63.5,,18,,,,,
1964-10,1964,10,-8.1,,-10.5,,-9.3,,-3.9,,-16.7,,0,,78.2,,78.2,,71,,,,,
1964-11,1964,11,-14.4,,-18.3,,-16.4,,-5.6,S,-26.1,,0,,9.1,,9.1,,79,,,,,
1964-12,1964,12,-18.1,,-23.3,,-20.7,,-11.1,,-35,S,0,,22.1,,22.1,,76,,,,,
1965-01,1965,1,-21.1,,-28,,-24.6,,-4.4,S,-35,S,0,,20.8,,20.8,,89,,,,,
1965-02,1965,2,-20.7,,-26.8,,-23.8,,-3.3,,-33.9,,0,,11.4,,11.4,,97,,,,,
1965-03,1965,3,-18.5,,-24.7,,-21.6,,-10,,-28.9,,0,,3.8,,3.8,,76,,,,,
1965-04,1965,4,-15.1,,-20.3,,-17.7,,-7.2,,-25,S,0,,16.8,,16.8,,61,,,,,
1965-05,1965,5,-0.3,,-5.5,,-2.9,,7.2,,-13.9,,0,,9.7,,9.7,,15,,,,,
1965-06,1965,6,2.2,,-2.5,,-0.2,,8.3,S,-7.2,S,8.9,,16.3,,25.1,,3,,,,,
1965-07,1965,7,6.3,,0.4,,3.4,,16.1,,-5,,31.2,,4.3,,35.6,,0,,,,,
1965-08,1965,8,2.8,,-1.6,,0.6,,10.6,,-3.9,S,23.6,,11.9,,35.6,,3,,,,,
1965-09,1965,9,-0.8,,-4.6,,-2.7,,7.8,,-10,,0,T,18,,18,,13,,,,,
1965-10,1965,10,-8.1,,-11.9,,-10,,-3.3,S,-25,,0,,23.1,,23.1,,33,,,,,
1965-11,1965,11,-12.3,,-17.4,,-14.9,,-1.7,,-25,,0,,7.6,,7.6,,36,,,,,
1965-12,1965,12,-19.6,,-23.9,,-21.8,,-14.4,S,-34.4,,0,,1.3,,1.3,,28,,,,,
1966-01,1966,1,-22.7,,-28.9,,-25.8,,-3.3,,-38.3,,0,,4.6,,4.6,,23,,,,,
1966-02,1966,2,-18.2,,-25.7,,-22,,-3.3,,-38.9,,0,,1,,1,,15,,,,,
1966-03,1966,3,-21.3,,-26.9,,-24.1,,-12.2,S,-33.3,,0,,1,,1,,15,,,,,
1966-04,1966,4,-13.6,,-19.6,,-16.6,,-3.9,,-26.7,,0,,2.5,,2.5,,13,,,,,
1966-05,1966,5,-5.5,,-11.1,,-8.3,,5,,-22.8,,0,,17.3,,17.3,,3,,,,,
1966-06,1966,6,1.1,,-4.1,,-1.5,,9.4,,-8.9,,37.1,,44.2,,81.3,,0,T,,,,
1966-07,1966,7,6.6,,-0.1,,3.3,,14.4,,-7.2,,27.4,,7.6,,35.1,,0,,,,,
1966-08,1966,8,10.2,,5.2,,7.7,,16.1,S,-2.8,,0.8,,0,,0.8,,0,,,,,
1966-09,1966,9,0.9,,-2.3,,-0.7,,8.3,,-5,,17.3,,17.5,,34.8,,10,,,,,
1966-10,1966,10,-3,,-5.7,,-4.4,,3.3,,-10.6,,0,T,35.6,,35.6,,51,,,,,
1966-11,1966,11,-12.4,,-17.6,,-15,,-2.2,,-26.1,,0,,33.5,,33.5,,91,,,,,
1966-12,1966,12,-19,,-23.9,,-21.5,,-12.8,,-31.7,,0,,8.4,,8.4,,99,,,,,
1967-01,1967,1,-20.5,,-25.2,,-22.9,,-13.3,,-32.8,,0,,10.2,,10.2,,112,,,,,
1967-02,1967,2,-26.8,,-30.5,,-28.7,,-17.8,S,-38.3,,0,,2,,2,,114,,,,,
1967-03,1967,3,-20.4,,-26.6,,-23.5,,-2.2,,-32.8,S,0,,3.3,,3.3,,107,,,,,
1967-04,1967,4,-16.4,,-21.2,,-18.8,,-10.6,,-30,,0,,14,,14,,79,,,,,
1967-05,1967,5,-0.4,,-6.1,,-3.3,,11.1,,-16.1,,0,T,17.3,,17.3,,46,,,,,
1967-06,1967,6,0.5,,-3.6,,-1.6,,6.1,,-6.1,S,0,T,35.3,,35.3,,46,,,,,
1967-07,1967,7,9.5,,2.9,,6.2,,18.3,,-3.9,,4.6,,0,T,4.6,,0,,,,,
1967-08,1967,8,4.2,,0.1,,2.2,,9.4,,-1.7,S,19.1,,23.1,,42.2,,0,,,,,
1967-09,1967,9,-1.4,,-5.1,,-3.3,,8.3,,-8.9,S,8.4,,36.8,,45.2,,20,,,,,
1967-10,1967,10,-6.6,,-10.6,,-8.6,,0.6,,-18.9,,0,,16.3,,16.3,,36,,,,,
1967-11,1967,11,-17.1,,-21.7,,-19.4,,-8.3,,-31.1,,0,,25.4,,25.4,,58,,,,,
1967-12,1967,12,-16.3,,-20.7,,-18.5,,3.3,,-33.3,,0,,11.7,,11.7,,66,,,,,
1968-01,1968,1,-22.9,,-27.1,,-25,,-15.6,,-33.9,,0,,1,,1,,66,,,,,
1968-02,1968,2,-23.8,,-29.2,,-26.5,,-9.4,,-35.6,,0,,7.4,,7.4,,74,,,,,
1968-03,1968,3,-23.2,,-27.7,,-25.5,,-9.4,,-35.6,S,0,,17.3,,17.3,,86,,,,,
1968-04,1968,4,-10.4,,-15.7,,-13.1,,1.1,,-23.3,S,0,,38.1,,38.1,,114,,,,,
1968-05,1968,5,-3.2,,-9.4,,-6.3,,7.8,,-18.3,,0,,26.9,,26.9,,84,,,,,
1968-06,1968,6,3.9,,-1.4,,1.3,,17.8,,-5.6,,16.8,,0.5,,17.3,,0,T,,,,
1968-07,1968,7,5.2,,0.2,,2.7,,10.6,S,-3.9,,20.1,,11.4,,31.5,,5,,,,,
1968-08,1968,8,3.7,,-0.8,,1.5,,8.3,S,-2.8,S,9.4,,18.5,,27.9,,0,,,,,
1968-09,1968,9,1.6,,-2.8,,-0.6,,9.4,S,-6.1,,18.3,,13.7,,32,,3,,,,,
1968-10,1968,10,-2.6,,-6.6,,-4.6,,5,,-12.2,S,8.6,,37.6,,46.2,,30,,,,,
1968-11,1968,11,-11.1,,-16.4,,-13.8,,2.2,,-30,,0,,27.9,,27.9,,33,,,,,
1968-12,1968,12,-16.8,,-22.9,,-19.9,,-3.3,,-36.7,,0,,15,,15,,38,,,,,
1969-01,1969,1,-17.6,,-23.3,,-20.5,,-3.9,,-33.3,,0,,20.6,,20.6,,38,,,,,
1969-02,1969,2,-15.1,,-21.1,,-18.1,,-1.7,,-32.2,,0,,48.5,,48.5,,71,,,,,
1969-03,1969,3,-23.7,,-29.2,,-26.5,,-16.7,S,-37.2,,0,,8.1,,8.1,,51,,,,,
1969-04,1969,4,-16.7,,-22.6,,-19.7,,-1.7,,-28.3,S,0,,4.6,,4.6,,33,,,,,
1969-05,1969,5,-5.3,,-11.6,,-8.5,,3.3,,-16.1,,0,,35.8,,35.8,,46,,,,,
1969-06,1969,6,0.7,,-4.7,,-2,,6.7,,-7.8,S,0,,38.4,,38.4,,10,,,,,
1969-07,1969,7,9.4,,2.3,,5.9,,18.9,,-3.3,,18.3,,6.9,,25.1,,0,,,,,
1969-08,1969,8,8,,2.3,,5.2,,17.2,,-5.6,,5.1,,8.1,,13.2,,3,,,,,
1969-09,1969,9,-1.1,,-4.6,,-2.9,,6.1,,-10.6,,0.8,,46,,46.7,,15,,,,,
1969-10,1969,10,-4.8,,-8.8,,-6.8,,1.7,,-19.4,,0,T,61.2,,61.2,,38,,,,,
1969-11,1969,11,-11.1,,-18.6,,-14.9,,0.6,,-26.7,,0,,99.8,,99.8,,97,,,,,
1969-12,1969,12,-16.9,,-22.3,,-19.6,,-9.4,,-33.3,,0,,31.2,,31.2,,114,,,,,
1970-01,1970,1,-24.7,,-29.2,,-27,,-16.1,,-37.8,,0,,17.5,,17.5,,114,,,,,
1970-02,1970,2,-22.4,,-27.7,,-25.1,,-16.1,S,-36.7,,0,,37.1,,37.1,,122,,,,,
1970-03,1970,3,-20.7,,-26.4,,-23.6,,-12.8,,-37.8,,0,,7.4,,7.4,,119,,,,,
1970-04,1970,4,-15.8,,-21.7,,-18.8,,-7.2,,-26.1,S,0,,36.8,,36.8,,122,,,,,
1970-05,1970,5,-8.7,,-13.9,,-11.3,,-1.7,S,-22.8,,0,,91.2,,91.2,,97,,,,,
1970-06,1970,6,1.2,,-4.1,,-1.5,,6.7,S,-7.8,,0,T,44.5,,44.5,,8,,,,,
1970-07,1970,7,5.4,,-0.7,,2.4,,11.1,S,-6.1,S,0.8,,3.6,,4.3,,0,T,,,,
1970-08,1970,8,3.8,,-1.2,,1.3,,12.2,,-5,,0.3,,4.8,,5.1,,0,,,,,
1970-09,1970,9,-0.6,,-4,,-2.3,,7.2,,-6.7,,22.9,,46,,68.8,,30,,,,,
1970-10,1970,10,-3.2,,-7.3,,-5.3,,2.8,,-13.9,,0,,43.4,,43.4,,61,,,,,
1970-11,1970,11,-11.1,,-15.9,,-13.5,,-4.4,S,-23.3,S,0,,75.7,,75.7,,71,,,,,
1970-12,1970,12,-21.7,,-27.2,,-24.5,,-2.8,,-35.6,,0,,5.8,,5.8,,74,,,,,
1971-01,1971,1,-22.4,,-27.6,,-25,,-10.6,,-37.2,,0,,4.3,,4.3,,71,,,,,
1971-02,1971,2,-26.4,,-30.8,,-28.6,,-13.3,,-39.4,,0,,5.1,,5.1,,71,,,,,
1971-03,1971,3,-17.9,,-23.1,,-20.5,,-5.6,,-29.4,,0,,0,T,0,T,64,,,,,
1971-04,1971,4,-13.8,,-19.6,,-16.7,,-0.6,,-28.9,,0,,13.5,,13.5,,43,,,,,
1971-05,1971,5,-5.7,,-10.4,,-8.1,,0,,-16.7,,0,,21.8,,21.8,,25,,,,,
1971-06,1971,6,2.3,,-2.7,,-0.2,,10,,-8.9,,0,,16.8,,16.8,,0,,,,,
1971-07,1971,7,7.1,,0.9,,4,,15,,-3.9,S,19.1,,12.7,,31.8,,0,,,,,
1971-08,1971,8,5,,-1.1,,2,,13.3,,-3.9,S,28.2,,15.2,,43.4,,0,,,,,
1971-09,1971,9,-0.3,,-3.6,,-2,,6.7,S,-7.2,,0,,30.2,,30.2,,13,,,,,
1971-10,1971,10,-5.3,,-9,,-7.2,,-1.1,,-17.2,S,0,,55.6,,55.6,,58,,,,,
1971-11,1971,11,-14.4,,-19.3,,-16.9,,-6.1,S,-27.8,,0,,52.1,,52.1,,99,,,,,
1971-12,1971,12,-24.9,,-29.4,,-27.2,,-8.9,,-36.7,,0,,3.6,,3.6,,89,,,,,
1972-01,1972,1,-28.6,,-32.7,,-30.7,,-21.1,,-40,,0,,0.5,,0.5,,58,,,,,
1972-02,1972,2,-25.4,,-30.7,,-28.1,,-16.1,,-36.1,S,0,,0,T,0,T,51,,,,,
1972-03,1972,3,-24.3,,-29.3,,-26.8,,-11.7,,-34.4,S,0,,0.5,,0.5,,46,,,,,
1972-04,1972,4,-14.1,,-19.9,,-17,,-1.7,,-25,S,0,,30,,30,,41,,,,,
1972-05,1972,5,-6.6,,-11.4,,-9,,2.2,,-17.2,,0,,6.4,,6.4,,20,,,,,
1972-06,1972,6,-1.9,,-6,,-4,,1.7,S,-10.6,,0,,46.5,,46.5,,25,,,,,
1972-07,1972,7,4,,-1.7,,1.2,,9.4,,-5,,4.1,,10.2,,14.2,,0,,,,,
1972-08,1972,8,4,,-1.4,,1.3,,11.7,,-6.7,S,5.8,,21.6,,27.4,,0,,,,,
1972-09,1972,9,-1.6,,-5.7,,-3.7,,8.3,,-12.8,,2.5,,44.2,,46.7,,13,,,,,
1972-10,1972,10,-8.3,,-13.8,,-11.1,,0.6,,-22.2,S,0,,40.6,,40.6,,30,,,,,
1972-11,1972,11,-16.8,,-20.8,,-18.8,,-6.7,,-31.1,,0,,16.5,,16.5,,30,,,,,
1972-12,1972,12,-25.7,,-29.4,,-27.6,,-18.3,,-37.8,,0,,12.7,,12.7,,38,,,,,
1973-01,1973,1,-23.8,,-28.4,,-26.1,,-15.6,,-35.6,S,0,,5.1,,5.1,,43,,,,,
1973-02,1973,2,-29.4,,-33.4,,-31.4,,-19.4,,-38.9,,0,,3.8,,3.8,,43,,,,,
1973-03,1973,3,-23.2,,-29.1,,-26.2,,-12.2,,-38.3,,0,,14.2,,14.2,,23,,,,,
1973-04,1973,4,-18.2,,-22.6,,-20.4,,-6.1,,-31.7,,0,,72.6,,72.6,,58,,,,,
1973-05,1973,5,-7,,-12.6,,-9.8,,1.1,S,-21.7,,0,,36.8,,36.8,,20,,,,,
1973-06,1973,6,0.3,,-3.9,,-1.8,,13.3,,-7.2,S,0,,60.7,,60.7,,5,,,,,
1973-07,1973,7,4.8,,-0.7,,2.1,,13.9,,-5,,39.1,,3.6,,42.7,,0,T,,,<31,
1973-08,1973,8,8.2,,2.3,,5.3,,15,S,-3.9,S,15.7,,1.8,,17.5,,0,T,,,<31,
1973-09,1973,9,0.7,,-3.6,,-1.5,,8.3,S,-8.3,,2.5,,26.4,,29,,15,,27,,109,
1973-10,1973,10,-3.2,,-7.8,,-5.5,,3.3,,-15,,0,,23.9,,23.9,,30,,5,,122,
1973-11,1973,11,-8.8,,-12.1,,-10.5,,-4.4,S,-17.8,,0,,43.7,,43.7,,64,,25,,103,S
1973-12,1973,12,-17.9,,-23.6,,-20.8,,-8.3,,-33.9,,0,,17.8,,17.8,,53,,27,,77,
1974-01,1974,1,-24.1,,-28.6,,-26.4,,-18.3,,-33.9,S,0,,3.3,,3.3,,51,,27,,61,
1974-02,1974,2,-22.3,,-27.7,,-25,,-17.2,,-33.3,,0,,1.8,,1.8,,53,,27,,64,S
1974-03,1974,3,-23.2,,-28.1,,-25.7,,-16.7,,-33.3,,0,,7.9,,7.9,,66,,27,,71,
1974-04,1974,4,-16,,-22.4,,-19.2,,-6.7,,-30,,0,,16.3,,16.3,,74,,27,,85,
1974-05,1974,5,-2.8,,-9,,-5.9,,5.6,,-24.4,,0,T,0,T,0,T,13,,,,<31,
1974-06,1974,6,5.6,,-1.9,,1.9,,11.7,,-7.2,,6.9,,3,,9.9,,0,T,,,<31,
1974-07,1974,7,8.6,,2.4,,5.5,,17.2,,-2.8,,13.7,,20.6,,34.3,,0,,,,<31,
1974-08,1974,8,6.7,,1.2,,4,,14.4,,-3.3,,19.1,,5.3,,24.4,,3,,,,<31,
1974-09,1974,9,-0.1,,-3.8,,-2,,7.8,,-11.7,,0,,48,,48,,41,,,,<31,
1974-10,1974,10,-5.3,,-8.8,,-7.1,,-0.6,,-19.4,,0,,18,,18,,51,,,,<31,
1974-11,1974,11,-14.1,,-19.6,,-16.9,,-5.6,,-30,,0,,77.5,,77.5,,122,,,,<31,
1974-12,1974,12,-22.9,,-28.8,,-25.9,,-12.2,,-35,,0,,9.4,,9.4,,119,,,,<31,
1975-01,1975,1,-25.9,,-31.7,,-28.8,,-13.3,,-37.8,S,0,,2.3,,2.3,,109,,23,,90,
1975-02,1975,2,-22.7,,-28,,-25.4,,-7.2,,-32.8,S,0,,0,T,0,T,109,,34,,92,
1975-03,1975,3,-24.2,,-30.1,,-27.2,,-12.8,,-36.1,,0,,0.5,,0.5,,109,,23,,77,
1975-04,1975,4,-14.2,,-21.2,,-17.7,,3.9,S,-30,,0,,10.7,,10.7,,76,,25,,97,
1975-05,1975,5,-2.7,,-8.9,,-5.8,,7.2,,-14.4,,0,,16.3,,16.3,,25,,,,<31,
1975-06,1975,6,7.6,,1.1,,4.4,,16.7,,-4.4,S,5.8,,1.5,,7.4,,0,,27,,117,
1975-07,1975,7,9.2,,2.5,,5.9,,14.4,S,-4.4,,36.6,,35.6,,72.1,,0,,25,,137,
1975-08,1975,8,8.2,,2.4,,5.3,,17.2,,-1.7,S,76.2,,2.3,,78.5,,0,,25,,97,
1975-09,1975,9,0.1,,-4.4,,-2.2,,8.9,,-10.6,,12.7,,70.9,,83.6,,20,,32,,113,
1975-10,1975,10,-4.7,,-7.9,,-6.3,,-1.1,,-17.2,,0,,89.7,,89.7,,46,,23,,126,S
1975-11,1975,11,-15.2,,-19.5,,-17.4,,-7.8,,-26.7,,0,,23.1,,23.1,,53,,23,,106,S
1975-12,1975,12,-20.8,,-27.4,,-24.1,,-8.9,,-37.8,,0,,5.3,,5.3,,51,,23,,103,S
1976-01,1976,1,-21.2,,-26.7,,-24,,-14.4,,-31.7,,0,,4.8,,4.8,,51,,20,,97,S
1976-02,1976,2,-24.4,,-29.6,,-27,,-18.3,,-35,S,0,,2.3,,2.3,,51,,,,<31,
1976-03,1976,3,-21.4,,-26.4,,-23.9,,-12.8,S,-30,S,0,,2.8,,2.8,,51,,,,<31,
1976-04,1976,4,-12.8,,-19.7,,-16.3,,0.6,,-27.2,,0,,10.2,,10.2,,41,,,,<31,
1976-05,1976,5,-3.7,,-11.5,,-7.6,,5,,-16.1,S,0,,53.8,,53.8,,25,,,,<31,
1976-06,1976,6,1.9,,-3.1,,-0.6,,7.8,,-7.8,,0,T,3.3,,3.3,,0,,,,<31,
1976-07,1976,7,5.4,,-0.6,,2.4,,13.9,,-5.6,S,21.1,,0,T,21.1,,0,,,,,
1976-08,1976,8,3.5,,-1.6,,1,,11.7,,-9.4,,11.9,,39.6,,51.6,,8,,,,,
1976-09,1976,9,0.2,,-3,,-1.4,,6.7,,-7.2,,0,T,22.6,,22.6,,13,,,,,
1976-10,1976,10,-7.5,,-10.8,,-9.2,,-2.2,,-17.2,,0,,50.5,,50.5,,25,,,,,
1976-11,1976,11,-16.2,,-20,,-18.1,,-9.4,S,-28.9,,0,,45.2,,45.2,,48,,,,,
1976-12,1976,12,-16.8,,-23.6,,-20.2,,-1.1,S,-30.6,,0,T,20.3,,20.3,,30,,,,,
1977-01,1977,1,-14.3,,-19.9,,-17.1,,-1.7,S,-29.2,,0,T,7.8,,7.8,,30,,,,,
1977-02,1977,2,-22.8,,-28.7,,-25.8,,-13.2,,-38.9,,0,,1.8,,1.8,,31,,,,,
1977-03,1977,3,-19,,-24.7,,-21.9,,-8.3,,-33.1,,0,,15.2,,15.2,,37,,,,,
1977-04,1977,4,-12.2,,-18.2,,-15.2,,-5.2,,-24.2,,0,,44,,44,,66,,,,,
1977-05,1977,5,-4.7,,-9.8,,-7.3,,3.4,,-14.7,,0,,43.4,,43.4,,104,,,,,
1977-06,1977,6,1.5,,-3.1,,-0.8,,7.5,,-5.8,,7.7,,33.9,,41.6,,24,,,,,
1977-07,1977,7,6.5,,1.1,,3.8,,15.7,,-4.5,,0.5,,5.1,,5.6,,0,,,,,
1977-08,1977,8,6.5,,0.9,,3.7,,11.6,,-3.5,,5.3,,3.4,,8.7,,2,,,,,
1977-09,1977,9,-0.6,,-4.4,,-2.5,,6.1,,-8,,0,,22.5,,22.5,,13,,,,,
1977-10,1977,10,-4.2,,-10.6,,-7.4,,3,,-26,,0,,31,,31,,43,,,,,
1977-11,1977,11,-11.4,,-17.3,,-14.4,,-4,,-25.2,,0,,58.4,,58.4,,102,,,,,
1977-12,1977,12,-22.8,,-27.8,,-25.3,,-14.5,,-31.7,S,0,,4.6,,4.6,,107,,,,,
1978-01,1978,1,-22.4,,-27.1,,-24.8,,-8.6,,-34.5,,0,,3.4,,3.4,,108,,,,,
1978-02,1978,2,-19.5,,-25.3,,-22.4,,-6,,-35.2,,0,,8.1,,8.1,,117,,,,,
1978-03,1978,3,-25.5,,-29.8,,-27.7,,,M,-35,,0,,0,T,0,T,114,,,,,
1978-04,1978,4,-16.2,,-22,,-19.1,,-6.2,,-29.4,,0,,28.3,,28.3,,116,,,,,
1978-05,1978,5,-6.3,,-12.4,,-9.4,,-1.3,,-18.9,,0,T,5.2,,5.2,,24,,,,,
1978-06,1978,6,-1.2,,-5.8,,-3.5,,7.5,,-10.1,,0,,5.4,,5.4,,10,,,,,
1978-07,1978,7,3.7,,-1.3,,1.2,,9.6,,-7.8,S,8.4,,0.4,,8.8,,0,T,,,,
1978-08,1978,8,4.6,,-0.8,,1.9,,14.6,,-7.3,,4.5,,6.1,,10.6,,0,T,,,,
1978-09,1978,9,-2.3,,-5.7,,-4,,2.5,,-10.7,,0,T,10.7,,10.7,,9,,,,,
1978-10,1978,10,-8.9,,-14.5,,-11.7,,-1.5,,-24.5,,0,,42.9,,42.9,,35,,,,,
1978-11,1978,11,-19.2,,-23.3,,-21.3,,-12.2,,-28.1,,0,,19.2,,19.2,,56,,,,,
1978-12,1978,12,-13.6,,-18.7,,-16.2,,-3.3,,-24.4,,0,,3.2,,3.2,,58,,,,,
1979-01,1979,1,-17.5,,-23.1,,-20.3,,-2,,-29.4,,0,,4.6,,4.6,,60,,,,,
1979-02,1979,2,-29.9,,-35,,-32.5,,-19.8,,-43,,0,,3.8,,3.8,,58,,,,,
1979-03,1979,3,-20.6,,-26.2,,-23.4,,-9.1,,-35.5,,0,,15.2,,15.2,,53,,,,,
1979-04,1979,4,-11.6,,-17.1,,-14.4,,-2.1,,-26.7,,0,,13.2,,13.2,,45,,,,,
1979-05,1979,5,-5.7,,-11,,-8.4,,3.2,,-16.1,,0,T,35.7,,33.3,,46,,,,,
1979-06,1979,6,0.2,,-4.5,,-2.2,,7.2,,-8.5,,6.6,,21.2,,27.8,,12,,,,,
1979-07,1979,7,5.9,,-0.7,,2.6,,11,,-3.6,,39,,0.6,,39.6,,0,,,,,
1979-08,1979,8,3.6,,-1.3,,1.2,,10.1,,-3.2,,13.8,,9.3,,23.1,,0,,,,,
1979-09,1979,9,-1.3,,-4.7,,-3,,3.4,,-16.2,,15.5,,29.3,,44.8,,20,,,,,
1979-10,1979,10,-6.2,,-10.2,,-8.2,,3.2,,-17,,0,,43.3,,43.3,,40,,,,,
1979-11,1979,11,-14.4,,-19,,-16.7,,-6.8,,-25.4,,0,,17.3,,17.3,,47,,,,,
1979-12,1979,12,-20.8,,-25.4,,-23.1,,-10.6,,-37.8,,0,,3.2,,3.2,,47,,,,,
1980-01,1980,1,-16,,-22,,-19,,-2.6,,-31.8,S,0,,24.3,,24.3,,50,,,,,
1980-02,1980,2,-18.1,,-24.1,,-21.1,,-6.2,,-34.5,,0,,6.8,,6.8,,30,,,,,
1980-03,1980,3,-18,,-23.5,,-20.8,,2.3,,-32.6,,0,,12.3,,12.3,,29,,,,,
1980-04,1980,4,-15.6,,-21.2,,-18.4,,-4.5,,-29.6,,0,,17.2,,17.2,,30,,,,,
1980-05,1980,5,-1.9,,-7.1,,-4.5,,5.2,,-15.9,,0,,36,,36,,33,,,,,
1980-06,1980,6,1.3,,-3.3,,-1,,10.3,,-7.9,,0,T,15.8,,15.8,,5,,,,,
1980-07,1980,7,8.1,,2.1,,5.1,,13.6,,-3.1,,33.1,,2,,35.1,,0,,,,,
1980-08,1980,8,8.1,,2.1,,5.1,,13.8,,-2.9,,26.3,,0,T,26.3,,0,,,,,
1980-09,1980,9,1,,-2.6,,-0.8,,8.9,,-8.6,,1.4,,35.7,,37.1,,33,,,,,
1980-10,1980,10,-5,,-8.5,,-6.8,,0.5,,-18.4,,0,T,46.7,,46.7,,76,,,,,
1980-11,1980,11,-9.8,,-15.9,,-12.9,,-2.8,,-24.5,,0,,23.7,,23.7,,81,,,,,
1980-12,1980,12,-19.3,,-24.6,,-22,,-9,,-36.6,,0,,17.3,,17.3,,96,,,,,
1981-01,1981,1,-20.3,,-24.6,,-22.5,,-14.5,,-28.6,,0,,11.5,,11.5,,106,,,,,
1981-02,1981,2,-24.2,,-28.9,,-26.6,,-18.6,,-35,,0,,21.7,,21.7,,88,,,,,
1981-03,1981,3,-15.8,,-22.6,,-19.2,,0.1,,-29.5,,0,,22,,22,,111,,,,,
1981-04,1981,4,-15.2,,-20.9,,-18.1,,6.1,,-30.4,,0,,17,,17,,107,,,,,
1981-05,1981,5,-5.4,,-10.8,,-8.1,,3.2,,-15.2,,0,,95.6,,95.6,,115,,,,,
1981-06,1981,6,2.2,,-2.9,,-0.4,,11.1,,-8.2,,1.8,,11.4,,13.2,,5,,,,,
1981-07,1981,7,7.6,,1,,4.3,,18.1,,-2.5,,56.2,,24.6,,80.8,,0,,,,,
1981-08,1981,8,6.2,,1.3,,3.8,,12.5,,-4.6,,37,,4,,41,,0,,,,,
1981-09,1981,9,0.4,,-3.1,,-1.4,,5.3,,-6.6,,13.7,,100.1,,113.8,,51,,,,,
1981-10,1981,10,-4.1,,-8.4,,-6.3,,2.6,,-15.7,,0,T,64.9,,64.9,,95,,,,,
1981-11,1981,11,-9.8,,-13.9,,-11.9,,-4.4,,-19.3,,0,T,19.2,,19.2,,78,,,,,
1981-12,1981,12,-16.3,,-20.9,,-18.6,,-11,S,-26,,0,,35.9,,35.9,,88,,,,,
1982-01,1982,1,-18.8,,-24.8,,-21.8,,-7.4,S,-40,,0,,18,,18,,99,,,,,
1982-02,1982,2,-25,,-29.8,,-27.4,,-19.7,,-35.6,,0,,3.3,,3.3,,101,,,,,
1982-03,1982,3,-23.4,,-28.8,,-26.1,,-12.7,,-34.5,,0,,1.4,,1.4,,102,,,,,
1982-04,1982,4,-16.3,,-22,,-19.2,,-8.7,,-29.9,,0,,9.9,,9.9,,106,,,,,
1982-05,1982,5,-6.8,,-12.2,,-9.5,,2.4,,-18,,0,,15.1,,15.1,,87,,,,,
1982-06,1982,6,4.3,,-1.1,,1.6,,13.3,,-8.9,,0,T,1.3,,1.3,,0,,,,,
1982-07,1982,7,7.5,,0,,3.8,,17.1,,-6.8,,24.9,,11.2,,36.1,,0,,,,,
1982-08,1982,8,4.6,,-0.4,,2.1,,13.4,,-7,,6.6,,13.6,,20.2,,0,,,,,
1982-09,1982,9,-1.8,,-5.3,,-3.6,,5.4,,-11.1,,0,T,34,,34,,16,,,,,
1982-10,1982,10,-6.3,,-9.6,,-8,,-0.5,,-15,,0,,29.1,,29.1,,43,,,,,
1982-11,1982,11,-13.1,,-17.5,,-15.3,,-4.9,,-22.5,,0,T,31.4,,31.4,,51,,,,,
1982-12,1982,12,-23.1,,-27.2,,-25.2,,-14.4,,-38.5,,0,,10.4,,10.4,,56,,,,,
1983-01,1983,1,-29.6,,-33.9,,-31.8,,-22,,-38.3,,0,,1,,1,,56,,,,,
1983-02,1983,2,-28.2,,-33.3,,-30.8,,,M,-41.6,,0,,8.9,,8.9,,58,,,,,
1983-03,1983,3,-23.3,,-28.7,,-26,,-11.8,,-35,,0,,1.8,,1.8,,55,,,,,
1983-04,1983,4,-16.2,,-22.6,,-19.4,,-0.9,,-34,,0,,34.3,,34.3,,92,,,,,
1983-05,1983,5,-8.4,,-13.6,,-11,,6.7,,-20.3,,0,T,16,,16,,9,,,,,
1983-06,1983,6,2.2,,-2.5,,-0.2,,7.8,,-8.1,S,0.3,,6,,6.3,,2,,,,,
1983-07,1983,7,5.3,,-0.4,,2.5,,14.4,,-4.1,,2.4,,,M,,M,0,,,,,
1983-08,1983,8,2.5,,-2.5,,0,,8.7,,-6,,0,T,10.7,,10.7,,2,,,,,
1983-09,1983,9,0.5,,-3.5,,-1.5,,7.5,,-7.4,,0,,6.1,,6.1,,4,,,,,
1983-10,1983,10,-6.7,,-11.2,,-9,,-2.2,,-19.7,,0,,34,,34,,32,,,,,
1983-11,1983,11,-14.9,,-20,,-17.5,,-7,,-30.1,,0,,26.9,,26.9,,32,,,,,
1983-12,1983,12,-21.4,,-26.2,,-23.8,,-15.7,,-31.7,,0,,11,,11,,29,,,,,
1984-01,1984,1,-29.1,,-33.4,,-31.3,,-23,,-38.6,,0,,1.1,,1.1,,30,,,,,
1984-02,1984,2,,M,-35.6,,,M,,M,-40.5,,0,,1.3,,1.3,,30,,,,,
1984-03,1984,3,,M,-30.5,,,M,,M,-41.4,,,M,,M,,M,27,,,,,
1984-04,1984,4,-17.1,,-22.5,,-19.8,,-2,,-31.8,S,0,,14.6,,14.6,,23,,,,,
1984-05,1984,5,-5.4,,-12.1,,-8.8,,2,S,-19.5,,0,T,18,,18,,26,,,,,
1984-06,1984,6,2.9,,-1.7,,0.6,,10.5,,-7.8,,3.1,,9.9,,13,,0,,,,,
1984-07,1984,7,11.1,,3.7,,7.4,,18.7,,-4,,1,,4.9,,5.9,,1,,,,,
1984-08,1984,8,4.4,,-0.2,,2.1,,8.9,,-3.7,,35,,8.7,,43.7,,3,,,,,
1984-09,1984,9,-1,,-3.5,,-2.3,,9.2,,-7.2,,,M,,M,,M,14,,,,,
1984-10,1984,10,-3.5,,-8.3,,-5.9,,8.5,,-16.5,,4.4,,31.2,,35.6,,10,,,,,
1984-11,1984,11,-12.2,,-17.4,,-14.8,,-3.1,,-26.9,,0,,33.6,,33.6,,30,,,,,
1984-12,1984,12,-22.3,,-28,,-25.2,,-15,,-37.4,,0,,28.4,,28.4,,29,,,,,
1985-01,1985,1,-20,,-25.9,,-23,,-5.2,,-35.1,,0,,3.4,,3.4,,19,,,,,
1985-02,1985,2,-22.9,,-29.7,,-26.3,,,M,-44.1,,0,,2.8,,2.8,,16,,,,,
1985-03,1985,3,-20.5,,-28.7,,-24.6,,-1.3,,-42,,0,,19,,19,,9,,,,,
1985-04,1985,4,-14.5,,-21.3,,-17.9,,0,,-30.1,,0,,33.2,,33.2,,13,,,,,
1985-05,1985,5,-4,,-9.3,,-6.7,,4.3,,-18.9,,0.6,,10,,10.6,,2,,,,,
1985-06,1985,6,6.7,,-0.2,,3.3,,13.5,S,-6.2,,0.2,,21.4,,21.6,,0,T,,,,
1985-07,1985,7,8.8,,1.9,,5.4,,16.9,,-3.3,,17.5,,2.3,,19.8,,0,,,,,
1985-08,1985,8,8.1,,2,,5.1,,15,,-2.4,,55.1,,20.8,,75.9,,0,,,,,
1985-09,1985,9,1.6,,-2.2,,-0.3,,9.4,,-6.2,,23.9,,37,,60.9,,13,,,,,
1985-10,1985,10,,M,,M,,M,,M,,M,,M,,M,,M,8,,,,,
1985-11,1985,11,,M,,M,,M,,M,,M,0,,,M,,M,22,,,,,
1985-12,1985,12,-15,,-20.2,,-17.6,,-6.1,,-29.1,,0,,,M,,M,20,,,,,
1986-01,1986,1,-22.3,,-27.6,,-25,,-13.4,,-36,,0,,20.6,,20.6,,29,,,,,
1986-02,1986,2,-16.8,,-23.3,,-20.1,,-1.7,,-32.1,,0,,6,,6,,21,,,,,
1986-03,1986,3,-23.1,,-30.4,,-26.8,,,M,-37.3,,0,,3.4,,3.4,,20,,,,,
1986-04,1986,4,-13.9,,-19.2,,-16.6,,-1.6,,-27,,0,,18.6,,18.6,,30,,,,,
1986-05,1986,5,-4.8,,-9.2,,-7,,0.5,,-13.9,,0,,23.8,,23.8,,25,,,,,
1986-06,1986,6,0.3,,-4.4,,-2.1,,5.6,,-10.4,,0,,12.2,,12.2,,3,,,,,
1986-07,1986,7,8.3,,1.8,,5.1,,18.1,,-5.6,,6.6,,15.9,,22.5,,0,,,,,
1986-08,1986,8,5.1,,-0.6,,2.3,,14.5,,-5.4,,58.8,,30.5,,89.3,,1,,,,,
1986-09,1986,9,-0.4,,-3.9,,-2.2,,8,,-8.1,,9.6,,57.2,,66.8,,23,,,,,
1986-10,1986,10,-10.5,,-14.7,,-12.6,,-2,,-24.7,,0,,62.7,,62.7,,60,,,,,
1986-11,1986,11,-19.1,,-23.1,,-21.1,,-12.6,,-29.3,,0,,10,,10,,59,,,,,
1986-12,1986,12,-21.5,,-27.1,,-24.3,,-12,,-33,,,M,,M,,M,58,,,,,
1987-01,1987,1,-23.8,,-30.2,,-27,,-14.7,,-36.7,,0,,3.2,,3.2,,58,,,,,
1987-02,1987,2,-26.6,,-32.3,,-29.5,,-15,,-37.5,,0,,0,T,0,T,58,,,,,
1987-03,1987,3,-21.4,,-28.1,,-24.8,,-9.7,,-33.8,,0,,2,,2,,49,,,,,
1987-04,1987,4,-17.9,,-23.9,,-20.9,,-11.4,,-31,,0,,3.8,,3.8,,48,,,,,
1987-05,1987,5,-9,,-13.8,,-11.4,,-2.2,,-21.2,,0,,23.8,,23.8,,59,,,,,
1987-06,1987,6,1.9,,-3.3,,-0.7,,12,,-8.9,,2,,10.4,,12.4,,7,,,,,
1987-07,1987,7,7.7,,1.1,,4.4,,14,,-4.1,,,M,1.2,,,M,0,,,,,
1987-08,1987,8,7.2,,2.2,,4.7,,12.8,,-7,,,M,0.2,,,M,0,,,,,
1987-09,1987,9,3,,-1.1,,1,,10,,-6.1,,22.4,,24.4,,46.8,,17,,,,,
1987-10,1987,10,-5.3,,-8.3,,-6.8,,-2.8,S,-14.1,,0.4,,49.2,,49.6,,39,,,,,
1987-11,1987,11,-14.1,,-18.6,E,-16.4,E,-7.1,,-27.2,,0,,33.8,,33.8,,62,,,,,
1987-12,1987,12,-17.3,,-22.4,,-19.9,,-6.2,,-30.3,,0,,8,,8,,51,,,,,
1988-01,1988,1,-24.2,,-28.6,,-26.4,,-19.7,,-34.5,,0,,10.8,,10.8,,53,,,,,
1988-02,1988,2,-19.4,,-25.7,,-22.6,,-12.1,,-31.2,,0,,39.2,,39.2,,72,,,,,
1988-03,1988,3,-18.9,,-25,,-22,,-8.7,S,-29,,0,,23.5,,23.5,,77,,,,,
1988-04,1988,4,-12,,-17.8,,-14.9,,-2.2,,-29.7,,0,,9.6,,9.6,,78,,,,,
1988-05,1988,5,-4.1,,-9.9,,-7,,4.8,,-18.5,,0,,29.3,,29.3,,33,,,,,
1988-06,1988,6,2.6,,-2.4,,0.1,,11.1,,-5.9,,0.8,,19.6,,20.6,,0,T,,,,
1988-07,1988,7,6.6,,1.3,,4,,17.7,,-3,S,32.3,,16.6,,48.7,,6,,,,,
1988-08,1988,8,5.9,,-0.2,,2.9,,12.5,,-12.2,,39.8,,12.4,,52.2,,6,,,,,
1988-09,1988,9,0.4,,-3,,-1.3,,12.3,,-6.3,,11.2,,21.2,,32.4,,14,,,,,
1988-10,1988,10,-3.2,,-7.2,,-5.2,,2.1,,-13.5,,0,,32.4,,32.4,,41,,,,,
1988-11,1988,11,-11.2,,-17,,-14.1,,-2,,-26.4,,0,,34.6,,34.6,,70,,,,,
1988-12,1988,12,-20.6,,-25.9,,-23.3,,-10.2,,-35.4,,0,,13,,13.2,,83,,,,,
1989-01,1989,1,-26.7,,-31.2,,-29,,-22.4,,-35.8,,0,,3.1,,3.1,,88,,,,,
1989-02,1989,2,-27.5,,-31.8,,-29.7,,-21.7,S,-35.6,,0,,0,T,0,T,89,,,,,
1989-03,1989,3,-24.7,,-29.7,,-27.2,,-16.8,,-37.7,,0,,5.2,,5.2,,91,,,,,
1989-04,1989,4,-12.6,,-18.9,,-15.8,,-0.3,,-27.6,,0,,6,,6,,78,,,,,
1989-05,1989,5,-7.7,,-14.2,,-11,,1.8,,-21.2,,0,,25,,25,,60,,,,,
1989-06,1989,6,2.7,,-2.7,,-0.1,,10.4,,-8,,0.2,,22.4,,22.6,,1,,,,,
1989-07,1989,7,8.5,,1.6,,5.1,,14.8,,-4.3,,41.4,,7.2,,48.6,,0,,,,,
1989-08,1989,8,5.7,,0.2,,3,,11.8,,-2.8,,34,,11.8,,45.8,,0,T,,,,
1989-09,1989,9,-0.6,,-3.9,,-2.3,,5.6,,-9.4,,0,T,22.8,,22.8,,14,,,,,
1989-10,1989,10,-5.9,,-10.2,,-8.1,,-1.3,,-19.2,,0,,44.1,,45.6,,38,,,,,
1989-11,1989,11,-11.4,,-17,,-14.2,,-1.5,,-25.8,,0,,29.4,,29.4,,57,,,,,
1989-12,1989,12,-19.4,,-24.5,,-22,,-4.8,S,-31.8,,0,,6.4,,6.4,,58,,,,,
1990-01,1990,1,-24.3,,-28.9,,-26.6,,-17.2,,-35.2,,0,,1,,1,,59,,,,,
1990-02,1990,2,-26.6,,-31.3,,-29,,-15.7,,-36.4,,0,,1.4,,1.4,,46,,,,,
1990-03,1990,3,-21.4,,-27.1,,-24.3,,-12.9,,-31.1,,0,,3.6,,3.6,,42,,,,,
1990-04,1990,4,-15.9,,-21.3,,-18.6,,-7.5,,-27.6,,0,,2.6,,2.6,,25,,,,,
1990-05,1990,5,-3.8,,-9.6,,-6.7,,6.7,,-18.1,,0,,21.2,,21.2,,6,,,,,
1990-06,1990,6,4.2,,-1.9,,1.2,,10.4,,-7.2,,0.4,,6.2,,6.6,,0,,,,,
1990-07,1990,7,10.2,,4,,7.1,,19.5,,-1,,12.9,,0,,12.9,,0,,,,,
1990-08,1990,8,5.4,,0.4,,2.9,,11.1,,-2.1,,26.5,,0,T,26.5,,0,,,,,
1990-09,1990,9,0.3,,-3.3,,-1.5,,5.2,,-6.9,,7.1,,20.4,,27.5,,10,,,,,
1990-10,1990,10,-7.4,E,-11.3,E,-9.4,E,0.5,,-18.6,,0,,29.8,,29.8,,34,,,,,
1990-11,1990,11,-15.8,,-20.2,,-18,,-9,,-25.2,,0,,2.4,,2.4,,32,,,,,
1990-12,1990,12,-22.1,,-27.6,,-24.9,,-4.6,,-33.5,,0,,3.4,,3.4,,36,,,,,
1991-01,1991,1,-25.8,,-30.7,,-28.3,,-17.2,,-38.3,,0,,0.4,,0.4,,36,,,,,
1991-02,1991,2,-24.2,,-28.8,,-26.5,,-14.4,,-35.5,S,0,,10.8,,10.8,,49,,,,,
1991-03,1991,3,-20.6,,-26.8,,-23.7,,-8.2,,-36.3,,0,,7.4,,7.4,,54,,,,,
1991-04,1991,4,-15.6,,-21.4,,-18.5,,-4.2,,-30,,0,,10.2,,10.2,,59,,,,,
1991-05,1991,5,-7,,-12,,-9.5,,8,,-17.4,,0,,6.8,,6.8,,47,,,,,
1991-06,1991,6,6.9,,0.3,,3.6,,13.6,,-3.6,,9.2,,1.4,,10.6,,0,,,,,
1991-07,1991,7,,M,,M,,M,,M,,M,,M,,M,,M,,M,,,,
1991-08,1991,8,,M,,M,,M,,M,,M,,M,,M,,M,,M,,,,
1991-09,1991,9,,M,,M,,M,,M,,M,,M,,M,,M,,M,,,,
1991-10,1991,10,,M,,M,,M,,M,,M,,M,,M,,M,,M,,,,
1991-11,1991,11,,M,,M,,M,,M,,M,,M,,M,,M,,M,,,,
1991-12,1991,12,,,,,,,,,,,,,,,,,,,,,,
1992-01,1992,1,,,,,,,,,,,,,,,,,,,,,,
1992-02,1992,2,,,,,,,,,,,,,,,,,,,,,,
1992-03,1992,3,,,,,,,,,,,,,,,,,,,,,,
1992-04,1992,4,,,,,,,,,,,,,,,,,,,,,,
1992-05,1992,5,,,,,,,,,,,,,,,,,,,,,,
1992-06,1992,6,,,,,,,,,,,,,,,,,,,,,,
1992-07,1992,7,,,,,,,,,,,,,,,,,,,,,,
1992-08,1992,8,,,,,,,,,,,,,,,,,,,,,,
1992-09,1992,9,,,,,,,,,,,,,,,,,,,,,,
1992-10,1992,10,,,,,,,,,,,,,,,,,,,,,,
1992-11,1992,11,,,,,,,,,,,,,,,,,,,,,,
1992-12,1992,12,,,,,,,,,,,,,,,,,,,,,,
1993-01,1993,1,,,,,,,,,,,,,,,,,,,,,,
1993-02,1993,2,,,,,,,,,,,,,,,,,,,,,,
1993-03,1993,3,,,,,,,,,,,,,,,,,,,,,,
1993-04,1993,4,,,,,,,,,,,,,,,,,,,,,,
1993-05,1993,5,,,,,,,,,,,,,,,,,,,,,,
1993-06,1993,6,,,,,,,,,,,,,,,,,,,,,,
1993-07,1993,7,,,,,,,,,,,,,,,,,,,,,,
1993-08,1993,8,,,,,,,,,,,,,,,,,,,,,,
1993-09,1993,9,,,,,,,,,,,,,,,,,,,,,,
1993-10,1993,10,,,,,,,,,,,,,,,,,,,,,,
1993-11,1993,11,,,,,,,,,,,,,,,,,,,,,,
1993-12,1993,12,,,,,,,,,,,,,,,,,,,,,,
1994-01,1994,1,,,,,,,,,,,,,,,,,,,,,,
1994-02,1994,2,,,,,,,,,,,,,,,,,,,,,,
1994-03,1994,3,,,,,,,,,,,,,,,,,,,,,,
1994-04,1994,4,,,,,,,,,,,,,,,,,,,,,,
1994-05,1994,5,,,,,,,,,,,,,,,,,,,,,,
1994-06,1994,6,,,,,,,,,,,,,,,,,,,,,,
1994-07,1994,7,,,,,,,,,,,,,,,,,,,,,,
1994-08,1994,8,,,,,,,,,,,,,,,,,,,,,,
1994-09,1994,9,,,,,,,,,,,,,,,,,,,,,,
1994-10,1994,10,,,,,,,,,,,,,,,,,,,,,,
1994-11,1994,11,,,,,,,,,,,,,,,,,,,,,,
1994-12,1994,12,,,,,,,,,,,,,,,,,,,,,,
1995-01,1995,1,,,,,,,,,,,,,,,,,,,,,,
1995-02,1995,2,,,,,,,,,,,,,,,,,,,,,,
1995-03,1995,3,,,,,,,,,,,,,,,,,,,,,,
1995-04,1995,4,,,,,,,,,,,,,,,,,,,,,,
1995-05,1995,5,,,,,,,,,,,,,,,,,,,,,,
1995-06,1995,6,,,,,,,,,,,,,,,,,,,,,,
1995-07,1995,7,,,,,,,,,,,,,,,,,,,,,,
1995-08,1995,8,,,,,,,,,,,,,,,,,,,,,,
1995-09,1995,9,,,,,,,,,,,,,,,,,,,,,,
1995-10,1995,10,,,,,,,,,,,,,,,,,,,,,,
1995-11,1995,11,,,,,,,,,,,,,,,,,,,,,,
1995-12,1995,12,,,,,,,,,,,,,,,,,,,,,,
1996-01,1996,1,,,,,,,,,,,,,,,,,,,,,,
1996-02,1996,2,,,,,,,,,,,,,,,,,,,,,,
1996-03,1996,3,,,,,,,,,,,,,,,,,,,,,,
1996-04,1996,4,,,,,,,,,,,,,,,,,,,,,,
1996-05,1996,5,,,,,,,,,,,,,,,,,,,,,,
1996-06,1996,6,,,,,,,,,,,,,,,,,,,,,,
1996-07,1996,7,,,,,,,,,,,,,,,,,,,,,,
1996-08,1996,8,,,,,,,,,,,,,,,,,,,,,,
1996-09,1996,9,,,,,,,,,,,,,,,,,,,,,,
1996-10,1996,10,,,,,,,,,,,,,,,,,,,,,,
1996-11,1996,11,,,,,,,,,,,,,,,,,,,,,,
1996-12,1996,12,,,,,,,,,,,,,,,,,,,,,,
1997-01,1997,1,,,,,,,,,,,,,,,,,,,,,,
1997-02,1997,2,,,,,,,,,,,,,,,,,,,,,,
1997-03,1997,3,,,,,,,,,,,,,,,,,,,,,,
1997-04,1997,4,,,,,,,,,,,,,,,,,,,,,,
1997-05,1997,5,,,,,,,,,,,,,,,,,,,,,,
1997-06,1997,6,,,,,,,,,,,,,,,,,,,,,,
1997-07,1997,7,,,,,,,,,,,,,,,,,,,,,,
1997-08,1997,8,,,,,,,,,,,,,,,,,,,,,,
1997-09,1997,9,,,,,,,,,,,,,,,,,,,,,,
1997-10,1997,10,,,,,,,,,,,,,,,,,,,,,,
1997-11,1997,11,,,,,,,,,,,,,,,,,,,,,,
1997-12,1997,12,,,,,,,,,,,,,,,,,,,,,,
1998-01,1998,1,,,,,,,,,,,,,,,,,,,,,,
1998-02,1998,2,,,,,,,,,,,,,,,,,,,,,,
1998-03,1998,3,,,,,,,,,,,,,,,,,,,,,,
1998-04,1998,4,,,,,,,,,,,,,,,,,,,,,,
1998-05,1998,5,,,,,,,,,,,,,,,,,,,,,,
1998-06,1998,6,,,,,,,,,,,,,,,,,,,,,,
1998-07,1998,7,,,,,,,,,,,,,,,,,,,,,,
1998-08,1998,8,,,,,,,,,,,,,,,,,,,,,,
1998-09,1998,9,,,,,,,,,,,,,,,,,,,,,,
1998-10,1998,10,,,,,,,,,,,,,,,,,,,,,,
1998-11,1998,11,,,,,,,,,,,,,,,,,,,,,,
1998-12,1998,12,,,,,,,,,,,,,,,,,,,,,,
1999-01,1999,1,,,,,,,,,,,,,,,,,,,,,,
1999-02,1999,2,,,,,,,,,,,,,,,,,,,,,,
1999-03,1999,3,,,,,,,,,,,,,,,,,,,,,,
1999-04,1999,4,,,,,,,,,,,,,,,,,,,,,,
1999-05,1999,5,,,,,,,,,,,,,,,,,,,,,,
1999-06,1999,6,,,,,,,,,,,,,,,,,,,,,,
1999-07,1999,7,,,,,,,,,,,,,,,,,,,,,,
1999-08,1999,8,,,,,,,,,,,,,,,,,,,,,,
1999-09,1999,9,,,,,,,,,,,,,,,,,,,,,,
1999-10,1999,10,,,,,,,,,,,,,,,,,,,,,,
1999-11,1999,11,,,,,,,,,,,,,,,,,,,,,,
1999-12,1999,12,,,,,,,,,,,,,,,,,,,,,,
2000-01,2000,1,-25.1,,-29,,-27.1,,-19.9,S,-32.4,,,,,,,,,,,,,
2000-02,2000,2,-23.2,,-27.3,,-25.3,,-15.2,S,-32.6,,,,,,,,,,,,,
2000-03,2000,3,-19.5,,-24.6,,-22.1,,-1.3,,-32.8,,,,,,,,,,,,,
2000-04,2000,4,-11.8,E,-16.5,E,-14.1,E,-3.9,,-26.1,E,,,,,,,,,,,,
2000-05,2000,5,-5.2,,-10.3,,-7.8,,5.7,,-14.8,,,,,,,,,,,,,
2000-06,2000,6,-0.1,,-3.8,,-2,,6.9,,-10.5,,,,,,,,0,,,,,
2000-07,2000,7,8,,1.6,,4.8,,18.3,,-2.8,,,,0,,,,0,,,,,
2000-08,2000,8,7.9,,2.1,,5,,14.6,,-1.5,,,,0,,,,0,,,,,
2000-09,2000,9,1.3,,-1.7,,-0.2,,8.1,,-6.6,,,,,,,,,M,,,,
2000-10,2000,10,-6.3,I,-10.1,I,-8.4,I,-2,I,-16.9,I,,,,,,,,,,,,
2000-11,2000,11,-10.4,,-14.9,,-12.6,,2.6,,-25.5,,,,,,,,,,,,,
2000-12,2000,12,-15.7,,-21.4,,-18.6,,8.1,,-25.5,,,,,,,,,,,,,
2001-01,2001,1,-25.1,I,-29.4,I,-27.1,I,-14.9,I,-33.8,I,,,,,,,,,,,,
2001-02,2001,2,-25.1,,-29.3,,-27.2,,-18.3,,-34.6,,,,,,,,,,,,,
2001-03,2001,3,-16.4,,-22.7,,-19.6,,-5.8,,-30.8,,,,,,,,,,,,,
2001-04,2001,4,-14.7,,-19.3,,-17.1,,-5.6,S,-26.1,,,,,,,,,,,,,
2001-05,2001,5,,,,,,,,,,,,,,,,,,,,,,
2001-06,2001,6,0.4,I,-3.4,I,-1.6,I,11.3,I,-6.9,I,,,,,,,0,,,,,
2001-07,2001,7,11.5,,5.5,,8.5,,20.3,,-2.4,,,,,,,,0,,,,,
2001-08,2001,8,6.6,,2.5,,4.6,,19.4,,-1,S,,,,,,,0,,,,,
2001-09,2001,9,0.9,,-1.4,,-0.3,,7.7,,-5.1,,,,,,,,,,,,,
2001-10,2001,10,-4.1,,-6.8,,-5.5,,1.2,,-13.3,,,,,,,,,,,,,
2001-11,2001,11,-12.2,,-16.5,,-14.4,,-3.6,,-27.8,,,,,,,,,,,,,
2001-12,2001,12,-16.8,,-21.3,,-19.1,,-4,,-28.3,,,,,,,,,,,,,
2002-01,2002,1,-21.6,,-25.7,,-23.7,,-9.9,,-33.3,,,,,,,,,,,,,
2002-02,2002,2,-26.9,,-30.7,,-28.8,,-15.7,S,-38.1,,,,,,,,,,,,,
2002-03,2002,3,-23.7,,-27.3,,-25.5,,-11.3,,-33.6,,,,,,,,,,,,,
2002-04,2002,4,-16.8,,-21.5,,-19.2,,-6.4,,-29.7,S,,,,,,,,,,,,
2002-05,2002,5,-6.7,,-10.2,,-8.5,,-2.1,,-13.9,,,,,,,,,,,,,
2002-06,2002,6,3.3,,-1.4,,0.9,,9.9,,-6.1,S,,,,,,,0,,,,,
2002-07,2002,7,7.8,,1.6,,4.7,,17,,-3.9,,,,,,,,0,,,,,
2002-08,2002,8,8.5,,2.3,,5.5,,15.3,,-2.5,,,,,,,,0,,,,,
2002-09,2002,9,0.9,,-1.7,,-0.4,,7.5,,-4.7,,,,,,,,0,,,,,
2002-10,2002,10,-2.8,,-6,E,-4.4,E,10.7,,-9.9,,,,,,,,,,,,,
2002-11,2002,11,-10.6,,-14.3,,-12.5,,-4.9,,-26.2,,,,,,,,,,,,,
2002-12,2002,12,-14.8,,-19.1,,-17,,-8.6,,-25.2,S,,,,,,,,,,,,
2003-01,2003,1,-17.2,,-22.7,,-20,,-7.8,,-31.4,,,,,,,,,,,,,
2003-02,2003,2,-22.4,I,-25.1,I,-24,I,-20.2,I,-27.2,I,,,,,,,,,,,,
2003-03,2003,3,,,,,,,,,,,,,,,,,,,,,,
2003-04,2003,4,,,,,,,,,,,,,,,,,,,,,,
2003-05,2003,5,,,,,,,,,,,,,,,,,,,,,,
2003-06,2003,6,3.5,I,-0.9,I,1.3,I,9.1,I,-2.6,I,,,,,,,0,,,,,
2003-07,2003,7,9.1,,3.1,,6.1,,19.6,,-3.5,,,,,,,,0,,,,,
2003-08,2003,8,11.2,I,4.5,I,7.8,I,21,I,0,I,,,,,,,,,,,,
2003-09,2003,9,-1.9,I,-3.3,I,-2.6,I,-0.8,I,-4.1,I,,,,,,,,,,,,
2003-10,2003,10,-3.3,,-5.9,,-4.6,,0.5,,-15.4,,,,,,,,,,,,,
2003-11,2003,11,-10.8,,-14,,-12.4,,-4.3,,-20.5,S,,,,,,,,,,,,
2003-12,2003,12,-14.6,,-21.1,,-17.9,,-2.9,,-27.5,,,,,,,,,,,,,
2004-01,2004,1,-23.9,,-27.8,,-25.9,,-19,,-35,,,,,,,,,,,,,
2004-02,2004,2,-22.1,,-26.9,,-24.5,,-10.5,,-31.3,,,,,,,,,,,,,
2004-03,2004,3,-26.3,,-31.4,,-28.9,,-17.5,,-40.4,,,,,,,,,,,,,
2004-04,2004,4,-15.2,,-20.2,,-17.7,,-8.4,,-26.6,,,,,,,,,,,,,
2004-05,2004,5,-4.6,,-8.2,,-6.4,,2.9,,-14.8,,,,,,,,,,,,,
2004-06,2004,6,2.5,,-2.2,,0.2,,9.1,,-5.5,,,,,,,,0,,,,,
2004-07,2004,7,8.6,I,1.9,I,5.2,I,16.4,I,-3.9,I,0,,0,,0,,0,,,,,
2004-08,2004,8,6.1,,1.5,,3.8,,15.9,,-1.7,S,,,0,,,,0,,,,,
2004-09,2004,9,0.9,,-2.3,,-0.7,,8.1,,-9.7,,,,,,,,,,,,,
2004-10,2004,10,-2.6,,-6.6,,-4.6,,5.3,,-13.1,,,,,,,,,,,,,
2004-11,2004,11,-10.9,,-15.8,,-13.3,,0.1,,-22.5,,,,,,,,,,,,,
2004-12,2004,12,-22.7,,-26.5,,-24.6,,-13.3,,-33.8,,,,,,,,,,,,,
2005-01,2005,1,-24.7,,-28.4,,-26.6,,-18.5,,-32.3,,,,,,,,,,,,,
2005-02,2005,2,-22.4,,-26.2,,-24.3,,-12.1,,-32.8,,,,,,,,,,,,,
2005-03,2005,3,-16.2,,-22.1,,-19.2,,-3.5,,-28.9,S,,,,,,,,,,,,
2005-04,2005,4,-12.7,,-17.9,,-15.3,,-2,,-23.1,,,,,,,,,,,,,
2005-05,2005,5,-3.1,,-7.7,,-5.4,,10.2,,-16.8,,,,,,,,,,,,,
2005-06,2005,6,2.2,,-1.5,,0.3,,10,,-6.1,,,,,,,,0,,,,,
2005-07,2005,7,8.5,,2,,5.3,,17.2,,-5.5,,,,0,,,,0,,,,,
2005-08,2005,8,5.3,,1.2,,3.3,,10.3,,-1.5,,,,0,,,,0,,,,,
2005-09,2005,9,0.3,,-2.7,,-1.2,,10.4,,-6.4,,,,,,,,,M,,,,
2005-10,2005,10,-3,,-6.4,,-4.7,,2.6,S,-11.2,,,,,,,,,,,,,
2005-11,2005,11,-9,,-13.2,,-11.1,,-0.8,,-20.1,,,,,,,,,,,,,
2005-12,2005,12,-17.6,,-21.3,,-19.5,,-9.6,,-27.8,,,,,,,,,,,,,
2006-01,2006,1,-24.4,,-28.2,,-26.3,,-19.6,S,-32.4,,0,,0,,0,,,,,,,
2006-02,2006,2,-21.8,,-26.7,,-24.3,,-6.3,,-31.3,,,,,,,,,,,,,
2006-03,2006,3,-16.7,,-22.6,,-19.7,,-3.9,,-30.2,,0,,0,,0,,,,,,,
2006-04,2006,4,-15,,-20.1,,-17.6,,-5.5,,-24.4,,,,,,,,,,,,,
2006-05,2006,5,-5.3,I,-8.6,I,-7,I,-0.4,I,-16.6,I,,,,,,,,,,,,
2006-06,2006,6,2.3,I,-0.7,I,0.8,I,6.8,I,-3.2,I,0,,0,,0,,,,,,,
2006-07,2006,7,9.5,E,3.3,,6.4,E,17.7,E,-1.6,,0,,0,,0,,0,,,,,
2006-08,2006,8,6.8,I,2.8,E,4.9,I,15,I,-0.9,E,0,,0,,0,,0,,,,,
2006-09,2006,9,1.5,I,-1,I,0.3,I,8.9,I,-3.3,I,0,,0,,0,,,M,,,,
2006-10,2006,10,-1.9,,-4.1,,-3,,2.5,S,-6.7,,0,,0,,0,,,,,,,
2006-11,2006,11,-10.8,,-14.1,,-12.5,,-4.6,,-22.6,,0,,0,,0,,,,,,,
2006-12,2006,12,-18,I,-22.9,E,-20.5,I,-10.2,I,-31.7,E,0,,0,,0,,,,,,,
2007-01,2007,1,-21.5,,-24.8,,-23.1,,-13,,-31.6,,0,,0,,0,,,,,,,
2007-02,2007,2,-18.2,,-22.7,,-20.5,,-8.1,,-28.9,,0,,0,,0,,,,,,,
2007-03,2007,3,-21.2,,-26.3,,-23.8,,-6.2,,-35.3,S,0,,0,,0,,,,,,,
2007-04,2007,4,-12.1,,-17.3,,-14.8,,-2.3,,-27.3,,0,,0,,0,,,,,,,
2007-05,2007,5,-8.7,,-12,,-10.4,,-4.1,,-16.7,,0,,0,,0,,,,,,,
2007-06,2007,6,1,E,-2.5,E,-0.7,E,8.7,E,-7.7,E,0,,0,,0,,,,,,,
2007-07,2007,7,4.7,,0.3,,2.5,,13.5,,-3.7,,0,,0,,0,,,,,,,
2007-08,2007,8,7.1,E,2.8,,5,E,14.4,E,0.1,,0,,0,,0,,0,,,,,
2007-09,2007,9,-0.1,E,-2.8,,-1.4,E,6.8,E,-6.3,,0,,0,,0,,,M,,,,
