Day,Month,Year,Grid Cell Number,First Thickness Measurement (cm),Second Thickness Measurement (cm),Observer(s) Initials
Jour,Mois,Année,Numéro de cellule de grille,Première mesure de l’épaisseur (cm),Deuxième mesure de l’épaisseur (cm),Initiales de l’observateur
16,8,1999,1,70,63.5,MY
16,8,1999,2,53.2,65.5,MY
16,8,1999,3,61,59,MY
16,8,1999,4,58.6,66,MY
16,8,1999,5,60.5,61.9,MY
16,8,1999,6,63.6,64.9,MY
16,8,1999,7,64,58.5,MY
16,8,1999,8,54.5,58.5,MY
16,8,1999,9,67,67.2,MY
16,8,1999,10,45.5,60,MY
16,8,1999,11,63.5,65.2,MY
16,8,1999,12,64.4,59,MY
16,8,1999,13,54.2,56,MY
16,8,1999,14,51.6,59.8,MY
16,8,1999,15,49.9,50.4,MY
16,8,1999,16,55.3,57.6,MY
16,8,1999,17,62,55,MY
16,8,1999,18,64.2,57.6,MY
16,8,1999,19,60.4,58.2,MY
16,8,1999,20,66.3,62,MY
16,8,1999,21,63.5,65.2,MY
16,8,1999,22,62,61.8,MY
16,8,1999,23,64.5,56.9,MY
16,8,1999,24,49.5,49.2,MY
16,8,1999,25,60.5,50.5,MY
16,8,1999,26,55.5,59.6,MY
16,8,1999,27,58,58.9,MY
16,8,1999,28,54.3,65.1,MY
16,8,1999,29,62,58.5,MY
16,8,1999,30,62.4,66.6,MY
16,8,1999,31,65.5,62.2,MY
16,8,1999,32,64.5,65,MY
16,8,1999,33,57,58.5,MY
16,8,1999,34,63.5,62.9,MY
16,8,1999,35,57,60.5,MY
16,8,1999,36,45.5,45.5,MY
16,8,1999,37,60.8,58,MY
16,8,1999,38,62.5,65.5,MY
16,8,1999,39,44.2,46.5,MY
16,8,1999,40,65.1,64,MY
16,8,1999,41,58.8,61.5,MY
16,8,1999,42,64.3,63.1,MY
16,8,1999,43,52,52.6,MY
16,8,1999,44,53,53.1,MY
16,8,1999,45,50.5,46,MY
16,8,1999,46,59.1,60.1,MY
16,8,1999,47,66,64.5,MY
16,8,1999,48,42.5,38.9,MY
16,8,1999,49,61.9,59,MY
16,8,1999,50,57.5,55.2,MY
16,8,1999,51,57.6,58.2,MY
16,8,1999,52,53.2,54.6,MY
16,8,1999,53,48.6,54.2,MY
16,8,1999,54,55.5,58.7,MY
16,8,1999,55,54,60.2,MY
16,8,1999,56,57.9,57,MY
16,8,1999,57,49.8,55.4,MY
16,8,1999,58,62.5,63.1,MY
16,8,1999,59,60.4,62.7,MY
16,8,1999,60,46,48.2,MY
16,8,1999,61,56,51.6,MY
16,8,1999,62,58.1,59.7,MY
16,8,1999,63,60.5,57.2,MY
16,8,1999,64,57.7,63.4,MY
16,8,1999,65,60.5,63.2,MY
16,8,1999,66,64,65.5,MY
16,8,1999,67,64.5,64.2,MY
16,8,1999,68,57.5,64.4,MY
16,8,1999,69,59.5,57,MY
16,8,1999,70,32.5,47.2,MY
16,8,1999,71,54.2,54.8,MY
16,8,1999,72,53.9,54.7,MY
16,8,1999,73,64.9,63.6,MY
16,8,1999,74,52,51.9,MY
16,8,1999,75,51.6,55.2,MY
16,8,1999,76,46,52.4,MY
16,8,1999,77,61.3,61.8,MY
16,8,1999,78,53.2,57.5,MY
16,8,1999,79,59.8,44.2,MY
16,8,1999,80,45.6,34,MY
16,8,1999,81,54,54.3,MY
16,8,1999,82,49.4,62.8,MY
16,8,1999,83,63.9,58.9,MY
16,8,1999,84,45,52.9,MY
16,8,1999,85,65,54.6,MY
16,8,1999,86,62.6,59.9,MY
16,8,1999,87,54.5,44,MY
16,8,1999,88,63.8,61.1,MY
16,8,1999,89,49.9,44.8,MY
16,8,1999,90,29.3,41.6,MY
16,8,1999,91,61.6,63.1,MY
16,8,1999,92,67.7,63.1,MY
16,8,1999,93,66.7,65.5,MY
16,8,1999,94,60.3,65.1,MY
16,8,1999,95,58.9,66.5,MY
16,8,1999,96,58.5,58.6,MY
16,8,1999,97,57,55.4,MY
16,8,1999,98,53.2,52.4,MY
16,8,1999,99,50.9,37.6,MY
16,8,1999,100,54.6,61.4,MY
31,7,2000,1,71.6,70.5,"CM, GW, JD"
31,7,2000,2,65.3,64.2,"CM, GW, JD"
31,7,2000,3,46.1,58.3,"CM, GW, JD"
31,7,2000,4,59.5,51.5,"CM, GW, JD"
31,7,2000,5,56.7,58.8,"CM, GW, JD"
31,7,2000,6,60,65.2,"CM, GW, JD"
31,7,2000,7,63.8,64.6,"CM, GW, JD"
31,7,2000,8,56.7,50.7,"CM, GW, JD"
31,7,2000,9,67.2,61.3,"CM, GW, JD"
31,7,2000,10,50.7,56.6,"CM, GW, JD"
31,7,2000,11,62.1,62.4,"CM, GW, JD"
31,7,2000,12,68.3,68.5,"CM, GW, JD"
31,7,2000,13,51,53.2,"CM, GW, JD"
31,7,2000,14,55.7,47.6,"CM, GW, JD"
31,7,2000,15,42.8,47.5,"CM, GW, JD"
31,7,2000,16,59.6,50.2,"CM, GW, JD"
31,7,2000,17,55.5,49.1,"CM, GW, JD"
31,7,2000,18,65,58.1,"CM, GW, JD"
31,7,2000,19,49.1,51.6,"CM, GW, JD"
31,7,2000,20,62.3,57.7,"CM, GW, JD"
31,7,2000,21,63.7,65.1,"CM, GW, JD"
31,7,2000,22,65,54.6,"CM, GW, JD"
31,7,2000,23,62.7,54.1,"CM, GW, JD"
31,7,2000,24,55.5,49.5,"CM, GW, JD"
31,7,2000,25,57.4,44,"CM, GW, JD"
31,7,2000,26,56,47.6,"CM, GW, JD"
31,7,2000,27,50.1,44,"CM, GW, JD"
31,7,2000,28,54.1,62,"CM, GW, JD"
31,7,2000,29,57.8,28,"CM, GW, JD"
31,7,2000,30,63.2,52,"CM, GW, JD"
31,7,2000,31,62.3,63.1,"CM, GW, JD"
31,7,2000,32,68.9,64.2,"CM, GW, JD"
31,7,2000,33,53.8,54.1,"CM, GW, JD"
31,7,2000,34,49.7,58,"CM, GW, JD"
31,7,2000,35,56,61.4,"CM, GW, JD"
31,7,2000,36,47.4,57.9,"CM, GW, JD"
31,7,2000,37,57.6,58.9,"CM, GW, JD"
31,7,2000,38,57.8,51.1,"CM, GW, JD"
31,7,2000,39,39.1,43.5,"CM, GW, JD"
31,7,2000,40,59,61.4,"CM, GW, JD"
31,7,2000,41,60,60.4,"CM, GW, JD"
31,7,2000,42,57.4,61,"CM, GW, JD"
31,7,2000,43,56,51.6,"CM, GW, JD"
31,7,2000,44,58.4,38.3,"CM, GW, JD"
31,7,2000,45,29,47.8,"CM, GW, JD"
31,7,2000,46,44.5,49.1,"CM, GW, JD"
31,7,2000,47,62.1,56.1,"CM, GW, JD"
31,7,2000,48,57.6,60,"CM, GW, JD"
31,7,2000,49,61.7,50.8,"CM, GW, JD"
31,7,2000,50,46.2,63.6,"CM, GW, JD"
31,7,2000,51,54.1,54.8,"CM, GW, JD"
31,7,2000,52,56.7,34.8,"CM, GW, JD"
31,7,2000,53,45.5,44.5,"CM, GW, JD"
31,7,2000,54,51,51.7,"CM, GW, JD"
31,7,2000,55,54.3,57.5,"CM, GW, JD"
31,7,2000,56,43.1,47.5,"CM, GW, JD"
31,7,2000,57,58.9,44.8,"CM, GW, JD"
31,7,2000,58,62.4,36.5,"CM, GW, JD"
31,7,2000,59,57.1,57.6,"CM, GW, JD"
31,7,2000,60,54.6,55.9,"CM, GW, JD"
31,7,2000,61,53.4,55.5,"CM, GW, JD"
31,7,2000,62,60.4,53.9,"CM, GW, JD"
31,7,2000,63,41.4,54,"CM, GW, JD"
31,7,2000,64,63.2,53.3,"CM, GW, JD"
31,7,2000,65,66.5,45.9,"CM, GW, JD"
31,7,2000,66,61.9,65.2,"CM, GW, JD"
31,7,2000,67,63.5,59,"CM, GW, JD"
31,7,2000,68,49.7,51,"CM, GW, JD"
31,7,2000,69,57.4,52,"CM, GW, JD"
31,7,2000,70,49.9,49.6,"CM, GW, JD"
31,7,2000,71,49.6,53,"CM, GW, JD"
31,7,2000,72,47.2,48.5,"CM, GW, JD"
31,7,2000,73,59.5,67,"CM, GW, JD"
31,7,2000,74,62.8,49.8,"CM, GW, JD"
31,7,2000,75,60.8,51,"CM, GW, JD"
31,7,2000,76,53,52.8,"CM, GW, JD"
31,7,2000,77,63.1,51.7,"CM, GW, JD"
31,7,2000,78,46.9,51.5,"CM, GW, JD"
31,7,2000,79,26.5,45.6,"CM, GW, JD"
31,7,2000,80,44.6,30.7,"CM, GW, JD"
31,7,2000,81,46.5,42.6,"CM, GW, JD"
31,7,2000,82,54.6,49.3,"CM, GW, JD"
31,7,2000,83,63,63,"CM, GW, JD"
31,7,2000,84,46.2,55.4,"CM, GW, JD"
31,7,2000,85,55.2,50.8,"CM, GW, JD"
31,7,2000,86,54.6,62.7,"CM, GW, JD"
31,7,2000,87,42.8,46.2,"CM, GW, JD"
31,7,2000,88,51.5,51.2,"CM, GW, JD"
31,7,2000,89,42.1,48.8,"CM, GW, JD"
31,7,2000,90,47.5,30.1,"CM, GW, JD"
31,7,2000,91,53.6,57.3,"CM, GW, JD"
31,7,2000,92,66.1,61.9,"CM, GW, JD"
31,7,2000,93,60.8,56.5,"CM, GW, JD"
31,7,2000,94,55.5,62.2,"CM, GW, JD"
31,7,2000,95,50.7,65,"CM, GW, JD"
31,7,2000,96,53.5,56,"CM, GW, JD"
31,7,2000,97,48.8,54.8,"CM, GW, JD"
31,7,2000,98,47.7,45.1,"CM, GW, JD"
31,7,2000,99,49.1,24.2,"CM, GW, JD"
31,7,2000,100,48.8,57.2,"CM, GW, JD"
26,8,2001,1,71.6,65.9,"MY, JE, DS, PR"
26,8,2001,2,67.4,67.2,"MY, JE, DS, PR"
26,8,2001,3,57.9,57.4,"MY, JE, DS, PR"
26,8,2001,4,64.5,64.8,"MY, JE, DS, PR"
26,8,2001,5,62.4,66,"MY, JE, DS, PR"
26,8,2001,6,61.4,66.2,"MY, JE, DS, PR"
26,8,2001,7,57.4,61.4,"MY, JE, DS, PR"
26,8,2001,8,60.3,67,"MY, JE, DS, PR"
26,8,2001,9,66.4,67.4,"MY, JE, DS, PR"
26,8,2001,10,54.6,56.3,"MY, JE, DS, PR"
26,8,2001,11,47.3,54.3,"MY, JE, DS, PR"
26,8,2001,12,69.1,66.3,"MY, JE, DS, PR"
26,8,2001,13,46,47.1,"MY, JE, DS, PR"
26,8,2001,14,56.8,60.4,"MY, JE, DS, PR"
26,8,2001,15,57.5,60.2,"MY, JE, DS, PR"
26,8,2001,16,46.3,44.9,"MY, JE, DS, PR"
26,8,2001,17,43.8,49.5,"MY, JE, DS, PR"
26,8,2001,18,60.9,63.8,"MY, JE, DS, PR"
26,8,2001,19,53.4,52.3,"MY, JE, DS, PR"
26,8,2001,20,65.6,65.5,"MY, JE, DS, PR"
26,8,2001,21,64.3,66.6,"MY, JE, DS, PR"
26,8,2001,22,60.5,62.5,"MY, JE, DS, PR"
26,8,2001,23,60,61.8,"MY, JE, DS, PR"
26,8,2001,24,44.7,45.6,"MY, JE, DS, PR"
26,8,2001,25,50.6,54.1,"MY, JE, DS, PR"
26,8,2001,26,59.7,61.5,"MY, JE, DS, PR"
26,8,2001,27,50.7,51.9,"MY, JE, DS, PR"
26,8,2001,28,61.4,61.6,"MY, JE, DS, PR"
26,8,2001,29,61.1,61,"MY, JE, DS, PR"
26,8,2001,30,65.5,67,"MY, JE, DS, PR"
26,8,2001,31,61.8,62.7,"MY, JE, DS, PR"
26,8,2001,32,64.6,65.7,"MY, JE, DS, PR"
26,8,2001,33,47.8,52.1,"MY, JE, DS, PR"
26,8,2001,34,62.2,63.9,"MY, JE, DS, PR"
26,8,2001,35,58.1,60.3,"MY, JE, DS, PR"
26,8,2001,36,38.5,42,"MY, JE, DS, PR"
26,8,2001,37,61.5,51.6,"MY, JE, DS, PR"
26,8,2001,38,63.7,62.6,"MY, JE, DS, PR"
26,8,2001,39,37.4,41.4,"MY, JE, DS, PR"
26,8,2001,40,62.9,63.7,"MY, JE, DS, PR"
26,8,2001,41,60.6,60.2,"MY, JE, DS, PR"
26,8,2001,42,61.1,65.2,"MY, JE, DS, PR"
26,8,2001,43,55.6,53,"MY, JE, DS, PR"
26,8,2001,44,44,53.2,"MY, JE, DS, PR"
26,8,2001,45,36.2,48.4,"MY, JE, DS, PR"
26,8,2001,46,56.4,59.9,"MY, JE, DS, PR"
26,8,2001,47,64.8,66.2,"MY, JE, DS, PR"
26,8,2001,48,43.1,51.6,"MY, JE, DS, PR"
26,8,2001,49,59.6,60.9,"MY, JE, DS, PR"
26,8,2001,50,50.6,57.4,"MY, JE, DS, PR"
26,8,2001,51,53.6,55.4,"MY, JE, DS, PR"
26,8,2001,52,55.8,53.9,"MY, JE, DS, PR"
26,8,2001,53,48.9,50.4,"MY, JE, DS, PR"
26,8,2001,54,57.5,57.7,"MY, JE, DS, PR"
26,8,2001,55,59,57,"MY, JE, DS, PR"
26,8,2001,56,54.5,54,"MY, JE, DS, PR"
26,8,2001,57,49.8,52.5,"MY, JE, DS, PR"
26,8,2001,58,57.9,57.5,"MY, JE, DS, PR"
26,8,2001,59,59.7,58.7,"MY, JE, DS, PR"
26,8,2001,60,40.9,46.3,"MY, JE, DS, PR"
26,8,2001,61,52.1,57,"MY, JE, DS, PR"
26,8,2001,62,57.3,59.1,"MY, JE, DS, PR"
26,8,2001,63,57.5,60.4,"MY, JE, DS, PR"
26,8,2001,64,46.4,47.5,"MY, JE, DS, PR"
26,8,2001,65,67.5,63.9,"MY, JE, DS, PR"
26,8,2001,66,65.5,65.7,"MY, JE, DS, PR"
26,8,2001,67,62.9,59.3,"MY, JE, DS, PR"
26,8,2001,68,60.2,62,"MY, JE, DS, PR"
26,8,2001,69,55.2,57.9,"MY, JE, DS, PR"
26,8,2001,70,52.7,51.3,"MY, JE, DS, PR"
26,8,2001,71,57,57.2,"MY, JE, DS, PR"
26,8,2001,72,47.7,48.4,"MY, JE, DS, PR"
26,8,2001,73,65.9,66.4,"MY, JE, DS, PR"
26,8,2001,74,49.2,48.9,"MY, JE, DS, PR"
26,8,2001,75,44.7,42.7,"MY, JE, DS, PR"
26,8,2001,76,49.4,49,"MY, JE, DS, PR"
26,8,2001,77,61.9,56.8,"MY, JE, DS, PR"
26,8,2001,78,57.7,57.7,"MY, JE, DS, PR"
26,8,2001,79,34.9,35.2,"MY, JE, DS, PR"
26,8,2001,80,48.7,50,"MY, JE, DS, PR"
26,8,2001,81,55.7,58.4,"MY, JE, DS, PR"
26,8,2001,82,58.6,56.7,"MY, JE, DS, PR"
26,8,2001,83,62.7,65,"MY, JE, DS, PR"
26,8,2001,84,59.2,58.5,"MY, JE, DS, PR"
26,8,2001,85,67.6,66.9,"MY, JE, DS, PR"
26,8,2001,86,64.7,62,"MY, JE, DS, PR"
26,8,2001,87,59.6,56.7,"MY, JE, DS, PR"
26,8,2001,88,45.8,46.7,"MY, JE, DS, PR"
26,8,2001,89,48.1,45.9,"MY, JE, DS, PR"
26,8,2001,90,42,42.9,"MY, JE, DS, PR"
26,8,2001,91,66.1,64.2,"MY, JE, DS, PR"
26,8,2001,92,67.4,69.1,"MY, JE, DS, PR"
26,8,2001,93,67.9,69.8,"MY, JE, DS, PR"
26,8,2001,94,66.7,65,"MY, JE, DS, PR"
26,8,2001,95,69.8,70.2,"MY, JE, DS, PR"
26,8,2001,96,60.3,64.2,"MY, JE, DS, PR"
26,8,2001,97,57.3,52.7,"MY, JE, DS, PR"
26,8,2001,98,52.1,54.7,"MY, JE, DS, PR"
26,8,2001,99,37.7,36.4,"MY, JE, DS, PR"
26,8,2001,100,50.6,54.8,"MY, JE, DS, PR"
24,8,2002,1,69.5,69.9,"PR, MY"
24,8,2002,2,65.6,65.8,"PR, MY"
24,8,2002,3,55.6,62.9,"PR, MY"
24,8,2002,4,66.3,60.7,"PR, MY"
24,8,2002,5,62.5,62,"PR, MY"
24,8,2002,6,66.7,64.7,"PR, MY"
24,8,2002,7,56.2,68,"PR, MY"
24,8,2002,8,67.4,60.7,"PR, MY"
24,8,2002,9,71.6,62.1,"PR, MY"
24,8,2002,10,56,58.8,"PR, MY"
24,8,2002,11,51.9,64.6,"PR, MY"
24,8,2002,12,68.3,65.9,"PR, MY"
24,8,2002,13,48.2,56.3,"PR, MY"
24,8,2002,14,52.2,62.4,"PR, MY"
24,8,2002,15,42.3,57.1,"PR, MY"
24,8,2002,16,37.8,59,"PR, MY"
24,8,2002,17,48.3,37.9,"PR, MY"
24,8,2002,18,52.2,62.5,"PR, MY"
24,8,2002,19,51.7,61.6,"PR, MY"
24,8,2002,20,61.7,64.6,"PR, MY"
24,8,2002,21,66.4,65.1,"PR, MY"
24,8,2002,22,53.6,65.1,"PR, MY"
24,8,2002,23,60.2,54.8,"PR, MY"
24,8,2002,24,43.7,57,"PR, MY"
24,8,2002,25,44.4,63.9,"PR, MY"
24,8,2002,26,46.3,61.6,"PR, MY"
24,8,2002,27,48.3,54.6,"PR, MY"
24,8,2002,28,50.4,64.2,"PR, MY"
24,8,2002,29,61.1,62.2,"PR, MY"
24,8,2002,30,63,65.5,"PR, MY"
24,8,2002,31,61.5,63.5,"PR, MY"
24,8,2002,32,62.4,64.8,"PR, MY"
24,8,2002,33,56.3,66.3,"PR, MY"
24,8,2002,34,55.3,60.8,"PR, MY"
24,8,2002,35,44.5,63.6,"PR, MY"
24,8,2002,36,43.6,51.5,"PR, MY"
24,8,2002,37,43.9,63.2,"PR, MY"
24,8,2002,38,54.4,66.5,"PR, MY"
24,8,2002,39,38,54,"PR, MY"
24,8,2002,40,50,63.5,"PR, MY"
24,8,2002,41,60.5,67.4,"PR, MY"
24,8,2002,42,60.6,53.7,"PR, MY"
24,8,2002,43,52.2,56.3,"PR, MY"
24,8,2002,44,58.7,42.1,"PR, MY"
24,8,2002,45,52.2,43.7,"PR, MY"
24,8,2002,46,53.4,44.5,"PR, MY"
24,8,2002,47,58,66.3,"PR, MY"
24,8,2002,48,59.5,41.9,"PR, MY"
24,8,2002,49,61.6,60.1,"PR, MY"
24,8,2002,50,61.4,46.6,"PR, MY"
24,8,2002,51,60.6,57.8,"PR, MY"
24,8,2002,52,58.1,55.8,"PR, MY"
24,8,2002,53,50.5,47.6,"PR, MY"
24,8,2002,54,55.2,51.7,"PR, MY"
24,8,2002,55,54.7,61.8,"PR, MY"
24,8,2002,56,48,57.5,"PR, MY"
24,8,2002,57,34.1,65.1,"PR, MY"
24,8,2002,58,45,59.7,"PR, MY"
24,8,2002,59,47.2,55,"PR, MY"
24,8,2002,60,40,54.1,"PR, MY"
24,8,2002,61,54.4,60.5,"PR, MY"
24,8,2002,62,55,58.3,"PR, MY"
24,8,2002,63,41.6,58.4,"PR, MY"
24,8,2002,64,58.9,61.7,"PR, MY"
24,8,2002,65,68,61.6,"PR, MY"
24,8,2002,66,58.4,65.5,"PR, MY"
24,8,2002,67,25.3,60.6,"PR, MY"
24,8,2002,68,62.4,49.9,"PR, MY"
24,8,2002,69,51,56.1,"PR, MY"
24,8,2002,70,44.5,51.4,"PR, MY"
24,8,2002,71,54.9,54.5,"PR, MY"
24,8,2002,72,52.4,48.4,"PR, MY"
24,8,2002,73,64.7,62.8,"PR, MY"
24,8,2002,74,50.3,61.2,"PR, MY"
24,8,2002,75,49.2,52,"PR, MY"
24,8,2002,76,57.4,52.5,"PR, MY"
24,8,2002,77,63.6,55.9,"PR, MY"
24,8,2002,78,54.4,57.8,"PR, MY"
24,8,2002,79,30.4,50.4,"PR, MY"
24,8,2002,80,38,38.7,"PR, MY"
24,8,2002,81,46.1,56.5,"PR, MY"
24,8,2002,82,41,62.7,"PR, MY"
24,8,2002,83,39.5,65.6,"PR, MY"
24,8,2002,84,46,60.6,"PR, MY"
24,8,2002,85,67.7,66.2,"PR, MY"
24,8,2002,86,61,63.6,"PR, MY"
24,8,2002,87,60.9,56.1,"PR, MY"
24,8,2002,88,48,55.6,"PR, MY"
24,8,2002,89,52.1,54.1,"PR, MY"
24,8,2002,90,41.4,29.3,"PR, MY"
24,8,2002,91,57.7,59.2,"PR, MY"
24,8,2002,92,72.3,62.1,"PR, MY"
24,8,2002,93,70.5,71.2,"PR, MY"
24,8,2002,94,48.9,65.7,"PR, MY"
24,8,2002,95,62.8,57.8,"PR, MY"
24,8,2002,96,54.7,57.7,"PR, MY"
24,8,2002,97,47,56.1,"PR, MY"
24,8,2002,98,50.2,55.6,"PR, MY"
24,8,2002,99,37,50.1,"PR, MY"
24,8,2002,100,38.6,60.3,"PR, MY"
19,8,2003,1,64,66.2,"DS, KS, DH"
19,8,2003,2,66,65.4,"DS, KS, DH"
19,8,2003,3,64.1,54,"DS, KS, DH"
19,8,2003,4,54.5,63.5,"DS, KS, DH"
19,8,2003,5,61.2,61.8,"DS, KS, DH"
19,8,2003,6,61.7,66.2,"DS, KS, DH"
19,8,2003,7,66.4,44.5,"DS, KS, DH"
19,8,2003,8,58.8,60.5,"DS, KS, DH"
19,8,2003,9,64.1,70.9,"DS, KS, DH"
19,8,2003,10,50.3,60.4,"DS, KS, DH"
19,8,2003,11,63.8,64.7,"DS, KS, DH"
19,8,2003,12,67.5,70.7,"DS, KS, DH"
19,8,2003,13,56.3,58.7,"DS, KS, DH"
19,8,2003,14,62,58.6,"DS, KS, DH"
19,8,2003,15,44.8,47.1,"DS, KS, DH"
19,8,2003,16,63.8,63.6,"DS, KS, DH"
19,8,2003,17,62,48.4,"DS, KS, DH"
19,8,2003,18,65.5,63.6,"DS, KS, DH"
19,8,2003,19,67.7,61.8,"DS, KS, DH"
19,8,2003,20,62.2,66.6,"DS, KS, DH"
19,8,2003,21,65.2,65.4,"DS, KS, DH"
19,8,2003,22,65.9,65.5,"DS, KS, DH"
19,8,2003,23,52.8,63.3,"DS, KS, DH"
19,8,2003,24,60.5,62,"DS, KS, DH"
19,8,2003,25,59.5,50.1,"DS, KS, DH"
19,8,2003,26,59.6,57.6,"DS, KS, DH"
19,8,2003,27,53,57.7,"DS, KS, DH"
19,8,2003,28,59.9,58,"DS, KS, DH"
19,8,2003,29,66.4,53.9,"DS, KS, DH"
19,8,2003,30,64.2,65.6,"DS, KS, DH"
19,8,2003,31,63.6,63,"DS, KS, DH"
19,8,2003,32,66.7,61,"DS, KS, DH"
19,8,2003,33,49.4,66.4,"DS, KS, DH"
19,8,2003,34,65.5,51.6,"DS, KS, DH"
19,8,2003,35,49.4,56.6,"DS, KS, DH"
19,8,2003,36,52.8,58.3,"DS, KS, DH"
19,8,2003,37,59.1,50.4,"DS, KS, DH"
19,8,2003,38,57.5,66.5,"DS, KS, DH"
19,8,2003,39,52.6,61.8,"DS, KS, DH"
19,8,2003,40,64.7,62.8,"DS, KS, DH"
19,8,2003,41,63,62.6,"DS, KS, DH"
19,8,2003,42,64,65.2,"DS, KS, DH"
19,8,2003,43,54.3,66.8,"DS, KS, DH"
19,8,2003,44,50.2,56.1,"DS, KS, DH"
19,8,2003,45,52.9,50.3,"DS, KS, DH"
19,8,2003,46,55.7,62,"DS, KS, DH"
19,8,2003,47,58,64.4,"DS, KS, DH"
19,8,2003,48,54.8,65.5,"DS, KS, DH"
19,8,2003,49,65.8,61.2,"DS, KS, DH"
19,8,2003,50,72.1,70.2,"DS, KS, DH"
19,8,2003,51,59.6,59.9,"DS, KS, DH"
19,8,2003,52,62.6,48.8,"DS, KS, DH"
19,8,2003,53,52.2,54.8,"DS, KS, DH"
19,8,2003,54,56.5,51.7,"DS, KS, DH"
19,8,2003,55,55.4,54,"DS, KS, DH"
19,8,2003,56,46.5,54.5,"DS, KS, DH"
19,8,2003,57,68.4,47.1,"DS, KS, DH"
19,8,2003,58,62.5,63.7,"DS, KS, DH"
19,8,2003,59,60.9,61.2,"DS, KS, DH"
19,8,2003,60,62.4,60.8,"DS, KS, DH"
19,8,2003,61,55.3,60.4,"DS, KS, DH"
19,8,2003,62,59.1,62.3,"DS, KS, DH"
19,8,2003,63,54,62,"DS, KS, DH"
19,8,2003,64,63.7,64.2,"DS, KS, DH"
19,8,2003,65,63.9,67,"DS, KS, DH"
19,8,2003,66,66.2,71.4,"DS, KS, DH"
19,8,2003,67,68.1,55.7,"DS, KS, DH"
19,8,2003,68,45.4,57.5,"DS, KS, DH"
19,8,2003,69,54.9,56.2,"DS, KS, DH"
19,8,2003,70,52,54.1,"DS, KS, DH"
19,8,2003,71,59.5,60.3,"DS, KS, DH"
19,8,2003,72,66.3,62.1,"DS, KS, DH"
19,8,2003,73,72,63.8,"DS, KS, DH"
19,8,2003,74,66.3,70.5,"DS, KS, DH"
19,8,2003,75,68.4,47,"DS, KS, DH"
19,8,2003,76,50,61.2,"DS, KS, DH"
19,8,2003,77,56,60.7,"DS, KS, DH"
19,8,2003,78,55.3,55.4,"DS, KS, DH"
19,8,2003,79,60.3,46,"DS, KS, DH"
19,8,2003,80,50.2,51.5,"DS, KS, DH"
19,8,2003,81,53.5,52.8,"DS, KS, DH"
19,8,2003,82,51.8,65.2,"DS, KS, DH"
19,8,2003,83,55,63.7,"DS, KS, DH"
19,8,2003,84,64.4,49.2,"DS, KS, DH"
19,8,2003,85,66.6,65.4,"DS, KS, DH"
19,8,2003,86,65.7,56.9,"DS, KS, DH"
19,8,2003,87,54.9,55.6,"DS, KS, DH"
19,8,2003,88,53.3,59.3,"DS, KS, DH"
19,8,2003,89,43.6,48,"DS, KS, DH"
19,8,2003,90,58.1,48.8,"DS, KS, DH"
19,8,2003,91,62.3,64,"DS, KS, DH"
19,8,2003,92,53,69.1,"DS, KS, DH"
19,8,2003,93,66.4,58.3,"DS, KS, DH"
19,8,2003,94,68,66.9,"DS, KS, DH"
19,8,2003,95,62.8,68.6,"DS, KS, DH"
19,8,2003,96,52.7,63.9,"DS, KS, DH"
19,8,2003,97,55.8,58,"DS, KS, DH"
19,8,2003,98,51,57.8,"DS, KS, DH"
19,8,2003,99,48.7,41.6,"DS, KS, DH"
19,8,2003,100,34.5,43.5,"DS, KS, DH"
7,8,2004,1,64.1,70,"DH, BF"
7,8,2004,2,61.9,63.6,"DH, BF"
7,8,2004,3,56.5,58.1,"DH, BF"
7,8,2004,4,66.6,53.9,"DH, BF"
7,8,2004,5,57,58.2,"DH, BF"
7,8,2004,6,61.2,61.7,"DH, BF"
7,8,2004,7,65.6,51.7,"DH, BF"
7,8,2004,8,57.5,63.9,"DH, BF"
7,8,2004,9,67.9,65,"DH, BF"
7,8,2004,10,60.8,56.5,"DH, BF"
7,8,2004,11,65.8,66.3,"DH, BF"
7,8,2004,12,64.7,66.3,"DH, BF"
7,8,2004,13,50.3,57.8,"DH, BF"
7,8,2004,14,61.4,62.7,"DH, BF"
7,8,2004,15,50.2,57.6,"DH, BF"
7,8,2004,16,64.2,62.4,"DH, BF"
7,8,2004,17,58.7,64.1,"DH, BF"
7,8,2004,18,64.1,58.7,"DH, BF"
7,8,2004,19,57,51.7,"DH, BF"
7,8,2004,20,59.8,64.1,"DH, BF"
7,8,2004,21,64.4,52.3,"DH, BF"
7,8,2004,22,60,62.7,"DH, BF"
7,8,2004,23,36.7,46,"DH, BF"
7,8,2004,24,60,56.6,"DH, BF"
7,8,2004,25,56.3,47,"DH, BF"
7,8,2004,26,46.1,47.5,"DH, BF"
7,8,2004,27,50.4,50.1,"DH, BF"
7,8,2004,28,65.5,67,"DH, BF"
7,8,2004,29,56.6,57.3,"DH, BF"
7,8,2004,30,55.8,63,"DH, BF"
7,8,2004,31,61.1,63.2,"DH, BF"
7,8,2004,32,65.6,64.3,"DH, BF"
7,8,2004,33,60,52.8,"DH, BF"
7,8,2004,34,62.8,47.8,"DH, BF"
7,8,2004,35,48.8,56.1,"DH, BF"
7,8,2004,36,47.8,52.3,"DH, BF"
7,8,2004,37,57.9,54.2,"DH, BF"
7,8,2004,38,64.3,57.7,"DH, BF"
7,8,2004,39,58,64.4,"DH, BF"
7,8,2004,40,66,58.6,"DH, BF"
7,8,2004,41,64.2,64.5,"DH, BF"
7,8,2004,42,65.4,63.1,"DH, BF"
7,8,2004,43,50.2,54.6,"DH, BF"
7,8,2004,44,58.3,53.6,"DH, BF"
7,8,2004,45,44.2,45.7,"DH, BF"
7,8,2004,46,52.6,51.6,"DH, BF"
7,8,2004,47,60,53.4,"DH, BF"
7,8,2004,48,64,64.3,"DH, BF"
7,8,2004,49,56.9,56.4,"DH, BF"
7,8,2004,50,71.8,61.9,"DH, BF"
7,8,2004,51,64.7,62,"DH, BF"
7,8,2004,52,57.8,58.7,"DH, BF"
7,8,2004,53,55.1,45,"DH, BF"
7,8,2004,54,60.6,54.7,"DH, BF"
7,8,2004,55,58.6,48.4,"DH, BF"
7,8,2004,56,57.1,58.7,"DH, BF"
7,8,2004,57,54.8,62.3,"DH, BF"
7,8,2004,58,61.3,61.3,"DH, BF"
7,8,2004,59,62.5,56.98,"DH, BF"
7,8,2004,60,63.4,60.6,"DH, BF"
7,8,2004,61,62.6,55,"DH, BF"
7,8,2004,62,61.6,56,"DH, BF"
7,8,2004,63,57.5,56.5,"DH, BF"
7,8,2004,64,63.3,56.9,"DH, BF"
7,8,2004,65,59.5,65,"DH, BF"
7,8,2004,66,64,68.4,"DH, BF"
7,8,2004,67,64.6,58.8,"DH, BF"
7,8,2004,68,68.8,50.9,"DH, BF"
7,8,2004,69,56.9,53.4,"DH, BF"
7,8,2004,70,43.8,52.6,"DH, BF"
7,8,2004,71,60.6,61.1,"DH, BF"
7,8,2004,72,51.6,56.6,"DH, BF"
7,8,2004,73,62.6,62.4,"DH, BF"
7,8,2004,74,61.3,62,"DH, BF"
7,8,2004,75,65,64.2,"DH, BF"
7,8,2004,76,51.5,59.8,"DH, BF"
7,8,2004,77,55.7,57.8,"DH, BF"
7,8,2004,78,53.1,50.2,"DH, BF"
7,8,2004,79,40.3,51.3,"DH, BF"
7,8,2004,80,48.7,43.7,"DH, BF"
7,8,2004,81,55,57.3,"DH, BF"
7,8,2004,82,55.9,64,"DH, BF"
7,8,2004,83,61.6,52.7,"DH, BF"
7,8,2004,84,61.5,55.4,"DH, BF"
7,8,2004,85,63.8,64.9,"DH, BF"
7,8,2004,86,59.5,58.4,"DH, BF"
7,8,2004,87,52.3,56.8,"DH, BF"
7,8,2004,88,55.4,57.1,"DH, BF"
7,8,2004,89,48.4,44.1,"DH, BF"
7,8,2004,90,47.6,41.3,"DH, BF"
7,8,2004,91,58.5,61.2,"DH, BF"
7,8,2004,92,63.7,54.3,"DH, BF"
7,8,2004,93,68.4,67.9,"DH, BF"
7,8,2004,94,63.5,66.8,"DH, BF"
7,8,2004,95,69.1,69.9,"DH, BF"
7,8,2004,96,65.7,60.8,"DH, BF"
7,8,2004,97,55.7,49,"DH, BF"
7,8,2004,98,58,55.4,"DH, BF"
7,8,2004,99,45.3,42.4,"DH, BF"
7,8,2004,100,66.5,40.6,"DH, BF"
21,8,2005,1,46,75,"ME, JK"
21,8,2005,2,52,72,"ME, JK"
21,8,2005,3,63.5,66,"ME, JK"
21,8,2005,4,71.5,68,"ME, JK"
21,8,2005,5,69.5,69.5,"ME, JK"
21,8,2005,6,69,67.5,"ME, JK"
21,8,2005,7,60.5,52,"ME, JK"
21,8,2005,8,66.5,66.5,"ME, JK"
21,8,2005,9,73.5,65,"ME, JK"
21,8,2005,10,61,60.5,"ME, JK"
21,8,2005,11,64,46,"ME, JK"
21,8,2005,12,75,71,"ME, JK"
21,8,2005,13,52,59,"ME, JK"
21,8,2005,14,62,57,"ME, JK"
21,8,2005,15,50.5,56,"ME, JK"
21,8,2005,16,38,53,"ME, JK"
21,8,2005,17,55,52,"ME, JK"
21,8,2005,18,67.5,61.5,"ME, JK"
21,8,2005,19,64.5,59,"ME, JK"
21,8,2005,20,64,65.5,"ME, JK"
21,8,2005,21,68,67.5,"ME, JK"
21,8,2005,22,57,68,"ME, JK"
21,8,2005,23,65.5,60,"ME, JK"
21,8,2005,24,47.5,64,"ME, JK"
21,8,2005,25,42,63.5,"ME, JK"
21,8,2005,26,58,63.5,"ME, JK"
21,8,2005,27,55,52,"ME, JK"
21,8,2005,28,60,66.5,"ME, JK"
21,8,2005,29,63,63.5,"ME, JK"
21,8,2005,30,69,71,"ME, JK"
21,8,2005,31,64,49,"ME, JK"
21,8,2005,32,69,69,"ME, JK"
21,8,2005,33,61,61,"ME, JK"
21,8,2005,34,57,59,"ME, JK"
21,8,2005,35,53,61,"ME, JK"
21,8,2005,36,47,59,"ME, JK"
21,8,2005,37,62,48,"ME, JK"
21,8,2005,38,62.5,68,"ME, JK"
21,8,2005,39,49.5,57,"ME, JK"
21,8,2005,40,54,66,"ME, JK"
21,8,2005,41,64,59.5,"ME, JK"
21,8,2005,42,59.5,68.5,"ME, JK"
21,8,2005,43,62.5,61,"ME, JK"
21,8,2005,44,52.5,49,"ME, JK"
21,8,2005,45,55,65.5,"ME, JK"
21,8,2005,46,65.5,55,"ME, JK"
21,8,2005,47,61,69,"ME, JK"
21,8,2005,48,44.5,45.5,"ME, JK"
21,8,2005,49,68,68.5,"ME, JK"
21,8,2005,50,63.5,68,"ME, JK"
21,8,2005,51,57,46,"ME, JK"
21,8,2005,52,56,54,"ME, JK"
21,8,2005,53,51,48,"ME, JK"
21,8,2005,54,59,48,"ME, JK"
21,8,2005,55,46,66,"ME, JK"
21,8,2005,56,57,49,"ME, JK"
21,8,2005,57,50,59,"ME, JK"
21,8,2005,58,58,59,"ME, JK"
21,8,2005,59,58,51.5,"ME, JK"
21,8,2005,60,53,62,"ME, JK"
21,8,2005,61,60,50,"ME, JK"
21,8,2005,62,57,61,"ME, JK"
21,8,2005,63,57.5,56,"ME, JK"
21,8,2005,64,60,70,"ME, JK"
21,8,2005,65,71,66.5,"ME, JK"
21,8,2005,66,68.5,60,"ME, JK"
21,8,2005,67,62,65.5,"ME, JK"
21,8,2005,68,61.5,64,"ME, JK"
21,8,2005,69,55.5,51,"ME, JK"
21,8,2005,70,57,47.5,"ME, JK"
21,8,2005,71,48,50,"ME, JK"
21,8,2005,72,57,54,"ME, JK"
21,8,2005,73,67,58,"ME, JK"
21,8,2005,74,54,57.5,"ME, JK"
21,8,2005,75,53,65.5,"ME, JK"
21,8,2005,76,54,50.5,"ME, JK"
21,8,2005,77,56,67,"ME, JK"
21,8,2005,78,63,52,"ME, JK"
21,8,2005,79,48,39,"ME, JK"
21,8,2005,80,51,42,"ME, JK"
21,8,2005,81,47,56,"ME, JK"
21,8,2005,82,64.5,54,"ME, JK"
21,8,2005,83,66,72.5,"ME, JK"
21,8,2005,84,65,52.5,"ME, JK"
21,8,2005,85,74.5,68.5,"ME, JK"
21,8,2005,86,67.5,67.5,"ME, JK"
21,8,2005,87,65.5,64.5,"ME, JK"
21,8,2005,88,66.5,65.5,"ME, JK"
21,8,2005,89,59,52.5,"ME, JK"
21,8,2005,90,40,45.5,"ME, JK"
21,8,2005,91,44,56,"ME, JK"
21,8,2005,92,73.5,65.5,"ME, JK"
21,8,2005,93,72,73,"ME, JK"
21,8,2005,94,36,54,"ME, JK"
21,8,2005,95,73,58,"ME, JK"
21,8,2005,96,43,61,"ME, JK"
21,8,2005,97,53,62,"ME, JK"
21,8,2005,98,54,55,"ME, JK"
21,8,2005,99,40.5,55,"ME, JK"
21,8,2005,100,56,46,"ME, JK"
22,8,2006,1,71.1,71.1,"DS, AK, MI"
22,8,2006,2,68.2,67.4,"DS, AK, MI"
22,8,2006,3,64.4,62.9,"DS, AK, MI"
22,8,2006,4,68.2,65.2,"DS, AK, MI"
22,8,2006,5,63.1,58.7,"DS, AK, MI"
22,8,2006,6,63,69,"DS, AK, MI"
22,8,2006,7,61.9,66.8,"DS, AK, MI"
22,8,2006,8,60,56.1,"DS, AK, MI"
22,8,2006,9,58.8,64.9,"DS, AK, MI"
22,8,2006,10,59,70,"DS, AK, MI"
22,8,2006,11,64.5,62.5,"DS, AK, MI"
22,8,2006,12,70.2,72.5,"DS, AK, MI"
22,8,2006,13,59.2,55.6,"DS, AK, MI"
22,8,2006,14,53.2,53.4,"DS, AK, MI"
22,8,2006,15,57.5,58,"DS, AK, MI"
22,8,2006,16,52.8,58.8,"DS, AK, MI"
22,8,2006,17,58.2,62,"DS, AK, MI"
22,8,2006,18,57,63.9,"DS, AK, MI"
22,8,2006,19,61,57.1,"DS, AK, MI"
22,8,2006,20,63.3,64.6,"DS, AK, MI"
22,8,2006,21,68.8,67,"DS, AK, MI"
22,8,2006,22,65.1,63.2,"DS, AK, MI"
22,8,2006,23,59.9,62,"DS, AK, MI"
22,8,2006,24,60.1,60.1,"DS, AK, MI"
22,8,2006,25,61.9,57.9,"DS, AK, MI"
22,8,2006,26,59.9,61.8,"DS, AK, MI"
22,8,2006,27,62,62.9,"DS, AK, MI"
22,8,2006,28,70.4,65.2,"DS, AK, MI"
22,8,2006,29,68.8,62.9,"DS, AK, MI"
22,8,2006,30,69.1,60.9,"DS, AK, MI"
22,8,2006,31,65.6,67.6,"DS, AK, MI"
22,8,2006,32,67.5,68.2,"DS, AK, MI"
22,8,2006,33,60,59.7,"DS, AK, MI"
22,8,2006,34,64.7,64.5,"DS, AK, MI"
22,8,2006,35,59.5,59.2,"DS, AK, MI"
22,8,2006,36,46.3,51.5,"DS, AK, MI"
22,8,2006,37,45.5,60.2,"DS, AK, MI"
22,8,2006,38,68.5,64.2,"DS, AK, MI"
22,8,2006,39,46.6,51.5,"DS, AK, MI"
22,8,2006,40,67,60.3,"DS, AK, MI"
22,8,2006,41,67,64,"DS, AK, MI"
22,8,2006,42,65.8,69.5,"DS, AK, MI"
22,8,2006,43,61.2,65.8,"DS, AK, MI"
22,8,2006,44,54.8,53.2,"DS, AK, MI"
22,8,2006,45,47,47.8,"DS, AK, MI"
22,8,2006,46,58,54,"DS, AK, MI"
22,8,2006,47,67,62.3,"DS, AK, MI"
22,8,2006,48,61.2,60.2,"DS, AK, MI"
22,8,2006,49,67.3,67.2,"DS, AK, MI"
22,8,2006,50,66,54.5,"DS, AK, MI"
22,8,2006,51,60.6,59,"DS, AK, MI"
22,8,2006,52,54.6,55.7,"DS, AK, MI"
22,8,2006,53,49.5,51,"DS, AK, MI"
22,8,2006,54,65.3,60.5,"DS, AK, MI"
22,8,2006,55,65.7,65.4,"DS, AK, MI"
22,8,2006,56,60.2,62.1,"DS, AK, MI"
22,8,2006,57,61,64.2,"DS, AK, MI"
22,8,2006,58,60.7,59.2,"DS, AK, MI"
22,8,2006,59,65,62.6,"DS, AK, MI"
22,8,2006,60,58,58,"DS, AK, MI"
22,8,2006,61,56.7,57.4,"DS, AK, MI"
22,8,2006,62,55,63.9,"DS, AK, MI"
22,8,2006,63,56,57,"DS, AK, MI"
22,8,2006,64,63.9,65,"DS, AK, MI"
22,8,2006,65,68.5,66.2,"DS, AK, MI"
22,8,2006,66,63.8,65.5,"DS, AK, MI"
22,8,2006,67,69.4,67.5,"DS, AK, MI"
22,8,2006,68,58,61.3,"DS, AK, MI"
22,8,2006,69,67.6,64.8,"DS, AK, MI"
22,8,2006,70,52.5,35.5,"DS, AK, MI"
22,8,2006,71,50,54.7,"DS, AK, MI"
22,8,2006,72,61.5,58.3,"DS, AK, MI"
22,8,2006,73,72.3,57,"DS, AK, MI"
22,8,2006,74,58,54.7,"DS, AK, MI"
22,8,2006,75,65.5,56,"DS, AK, MI"
22,8,2006,76,66.8,55,"DS, AK, MI"
22,8,2006,77,69,61.2,"DS, AK, MI"
22,8,2006,78,66.7,63.3,"DS, AK, MI"
22,8,2006,79,30.1,21.8,"DS, AK, MI"
22,8,2006,80,54.2,43.5,"DS, AK, MI"
22,8,2006,81,51.2,59.3,"DS, AK, MI"
22,8,2006,82,60,63.1,"DS, AK, MI"
22,8,2006,83,71,70.1,"DS, AK, MI"
22,8,2006,84,63.4,57.5,"DS, AK, MI"
22,8,2006,85,73.8,67,"DS, AK, MI"
22,8,2006,86,68.5,67,"DS, AK, MI"
22,8,2006,87,67.9,69,"DS, AK, MI"
22,8,2006,88,58.2,55.6,"DS, AK, MI"
22,8,2006,89,50.1,51,"DS, AK, MI"
22,8,2006,90,42.1,44.5,"DS, AK, MI"
22,8,2006,91,71.3,70.6,"DS, AK, MI"
22,8,2006,92,72,70.5,"DS, AK, MI"
22,8,2006,93,54.3,58.6,"DS, AK, MI"
22,8,2006,94,38,57.8,"DS, AK, MI"
22,8,2006,95,72.7,68,"DS, AK, MI"
22,8,2006,96,59.2,55.2,"DS, AK, MI"
22,8,2006,97,41.1,44,"DS, AK, MI"
22,8,2006,98,58.2,57.7,"DS, AK, MI"
22,8,2006,99,40.7,39,"DS, AK, MI"
22,8,2006,100,66,63.8,"DS, AK, MI"
11,8,2007,1,74.7,70.3,"AF, DS, KF"
11,8,2007,2,72.4,72,"AF, DS, KF"
11,8,2007,3,57.9,58.4,"AF, DS, KF"
11,8,2007,4,58.7,69.4,"AF, DS, KF"
11,8,2007,5,60.1,68.1,"AF, DS, KF"
11,8,2007,6,65.9,65.8,"AF, DS, KF"
11,8,2007,7,67.8,54.9,"AF, DS, KF"
11,8,2007,8,54.2,64.6,"AF, DS, KF"
11,8,2007,9,67.1,68.5,"AF, DS, KF"
11,8,2007,10,60.7,63,"AF, DS, KF"
11,8,2007,11,69.3,61.7,"AF, DS, KF"
11,8,2007,12,75.3,70.9,"AF, DS, KF"
11,8,2007,13,58.5,62.1,"AF, DS, KF"
11,8,2007,14,61.4,63.3,"AF, DS, KF"
11,8,2007,15,62.6,45.9,"AF, DS, KF"
11,8,2007,16,52.4,55.3,"AF, DS, KF"
11,8,2007,17,61.4,53.2,"AF, DS, KF"
11,8,2007,18,66,58.1,"AF, DS, KF"
11,8,2007,19,56.2,62,"AF, DS, KF"
11,8,2007,20,68,63.4,"AF, DS, KF"
11,8,2007,21,74.4,72.7,"AF, DS, KF"
11,8,2007,22,58.6,64.8,"AF, DS, KF"
11,8,2007,23,58,61.8,"AF, DS, KF"
11,8,2007,24,40.6,45.7,"AF, DS, KF"
11,8,2007,25,63.6,57.5,"AF, DS, KF"
11,8,2007,26,50.4,60.8,"AF, DS, KF"
11,8,2007,27,54.6,59.9,"AF, DS, KF"
11,8,2007,28,60,65.4,"AF, DS, KF"
11,8,2007,29,62.5,57.3,"AF, DS, KF"
11,8,2007,30,66.4,69.2,"AF, DS, KF"
11,8,2007,31,68.4,69.3,"AF, DS, KF"
11,8,2007,32,70,74.5,"AF, DS, KF"
11,8,2007,33,65,60.4,"AF, DS, KF"
11,8,2007,34,54.6,53.5,"AF, DS, KF"
11,8,2007,35,67.4,56.5,"AF, DS, KF"
11,8,2007,36,60,49.5,"AF, DS, KF"
11,8,2007,37,67.4,45.6,"AF, DS, KF"
11,8,2007,38,63.7,63,"AF, DS, KF"
11,8,2007,39,49.9,55.6,"AF, DS, KF"
11,8,2007,40,63.8,64.6,"AF, DS, KF"
11,8,2007,41,67.6,66.1,"AF, DS, KF"
11,8,2007,42,58.9,67.6,"AF, DS, KF"
11,8,2007,43,52.8,57.4,"AF, DS, KF"
11,8,2007,44,52.8,43.8,"AF, DS, KF"
11,8,2007,45,47.7,55.8,"AF, DS, KF"
11,8,2007,46,46.5,52.4,"AF, DS, KF"
11,8,2007,47,63.9,61.4,"AF, DS, KF"
11,8,2007,48,46.6,63.1,"AF, DS, KF"
11,8,2007,49,59.5,56.8,"AF, DS, KF"
11,8,2007,50,57.2,70.2,"AF, DS, KF"
11,8,2007,51,51.8,61.8,"AF, DS, KF"
11,8,2007,52,58.4,46.9,"AF, DS, KF"
11,8,2007,53,50.4,53.3,"AF, DS, KF"
11,8,2007,54,49.3,46.4,"AF, DS, KF"
11,8,2007,55,52.2,62.5,"AF, DS, KF"
11,8,2007,56,54.8,52,"AF, DS, KF"
11,8,2007,57,56.3,62.5,"AF, DS, KF"
11,8,2007,58,68.6,64.7,"AF, DS, KF"
11,8,2007,59,54.8,58.8,"AF, DS, KF"
11,8,2007,60,47.8,56.7,"AF, DS, KF"
11,8,2007,61,55,64.6,"AF, DS, KF"
11,8,2007,62,64,58.6,"AF, DS, KF"
11,8,2007,63,57.7,57.5,"AF, DS, KF"
11,8,2007,64,68.7,54.9,"AF, DS, KF"
11,8,2007,65,70.2,66.7,"AF, DS, KF"
11,8,2007,66,67.4,67.3,"AF, DS, KF"
11,8,2007,67,58.9,52.5,"AF, DS, KF"
11,8,2007,68,64.7,60.7,"AF, DS, KF"
11,8,2007,69,52,56.5,"AF, DS, KF"
11,8,2007,70,45.3,61.1,"AF, DS, KF"
11,8,2007,71,54.5,61.5,"AF, DS, KF"
11,8,2007,72,51.2,65.5,"AF, DS, KF"
11,8,2007,73,61.5,67.9,"AF, DS, KF"
11,8,2007,74,52.8,60.5,"AF, DS, KF"
11,8,2007,75,57.1,69.7,"AF, DS, KF"
11,8,2007,76,58.2,68,"AF, DS, KF"
11,8,2007,77,69.6,51.2,"AF, DS, KF"
11,8,2007,78,56.5,57.6,"AF, DS, KF"
11,8,2007,79,40.8,58.2,"AF, DS, KF"
11,8,2007,80,38.3,54.7,"AF, DS, KF"
11,8,2007,81,53.3,52.9,"AF, DS, KF"
11,8,2007,82,48.2,68.3,"AF, DS, KF"
11,8,2007,83,66.2,70.2,"AF, DS, KF"
11,8,2007,84,49.6,62.1,"AF, DS, KF"
11,8,2007,85,76,63.5,"AF, DS, KF"
11,8,2007,86,58.6,57.6,"AF, DS, KF"
11,8,2007,87,55.6,53,"AF, DS, KF"
11,8,2007,88,-99999,-99999,"AF, DS, KF"
11,8,2007,89,48.9,51.8,"AF, DS, KF"
11,8,2007,90,31.6,45.6,"AF, DS, KF"
11,8,2007,91,74.8,73.1,"AF, DS, KF"
11,8,2007,92,73,55.2,"AF, DS, KF"
11,8,2007,93,62.2,63.6,"AF, DS, KF"
11,8,2007,94,54.4,70.3,"AF, DS, KF"
11,8,2007,95,63.3,61.2,"AF, DS, KF"
11,8,2007,96,50.9,70.1,"AF, DS, KF"
11,8,2007,97,50.8,51.3,"AF, DS, KF"
11,8,2007,98,60.8,52.5,"AF, DS, KF"
11,8,2007,99,45,36.7,"AF, DS, KF"
11,8,2007,100,57.9,41,"AF, DS, KF"
22,8,2008,1,77.6,75,"TW, DS, AF"
22,8,2008,2,64.9,63.1,"TW, DS, AF"
22,8,2008,3,59.9,57.9,"TW, DS, AF"
22,8,2008,4,66.1,57.5,"TW, DS, AF"
22,8,2008,5,52.9,56,"TW, DS, AF"
22,8,2008,6,57.6,57.9,"TW, DS, AF"
22,8,2008,7,48.5,58.6,"TW, DS, AF"
22,8,2008,8,57.3,56.2,"TW, DS, AF"
22,8,2008,9,62.1,62.4,"TW, DS, AF"
22,8,2008,10,60,58.4,"TW, DS, AF"
22,8,2008,11,49.9,62.9,"TW, DS, AF"
22,8,2008,12,72.6,63.8,"TW, DS, AF"
22,8,2008,13,55,52.7,"TW, DS, AF"
22,8,2008,14,62.4,63.7,"TW, DS, AF"
22,8,2008,15,51.5,52.8,"TW, DS, AF"
22,8,2008,16,53.5,41.4,"TW, DS, AF"
22,8,2008,17,55.1,52.6,"TW, DS, AF"
22,8,2008,18,57.3,57.1,"TW, DS, AF"
22,8,2008,19,60,56,"TW, DS, AF"
22,8,2008,20,65.7,58.7,"TW, DS, AF"
22,8,2008,21,61,67.9,"TW, DS, AF"
22,8,2008,22,60.7,59.7,"TW, DS, AF"
22,8,2008,23,57.3,51.7,"TW, DS, AF"
22,8,2008,24,49,42.6,"TW, DS, AF"
22,8,2008,25,57.9,45.2,"TW, DS, AF"
22,8,2008,26,52.1,62.6,"TW, DS, AF"
22,8,2008,27,44,55.3,"TW, DS, AF"
22,8,2008,28,58.8,61.5,"TW, DS, AF"
22,8,2008,29,62.2,66.3,"TW, DS, AF"
22,8,2008,30,68,65.1,"TW, DS, AF"
22,8,2008,31,66.6,67.8,"TW, DS, AF"
22,8,2008,32,69.9,70.2,"TW, DS, AF"
22,8,2008,33,54.6,59.8,"TW, DS, AF"
22,8,2008,34,55,50.1,"TW, DS, AF"
22,8,2008,35,46.6,55.8,"TW, DS, AF"
22,8,2008,36,48.8,59.6,"TW, DS, AF"
22,8,2008,37,40.8,52.1,"TW, DS, AF"
22,8,2008,38,62.2,50.6,"TW, DS, AF"
22,8,2008,39,48,48.7,"TW, DS, AF"
22,8,2008,40,57.9,62.6,"TW, DS, AF"
22,8,2008,41,65.3,63.9,"TW, DS, AF"
22,8,2008,42,70.1,61.8,"TW, DS, AF"
22,8,2008,43,56.5,58,"TW, DS, AF"
22,8,2008,44,60.8,47.9,"TW, DS, AF"
22,8,2008,45,55.1,48.5,"TW, DS, AF"
22,8,2008,46,49.5,55.5,"TW, DS, AF"
22,8,2008,47,64.2,49.3,"TW, DS, AF"
22,8,2008,48,63,50.8,"TW, DS, AF"
22,8,2008,49,68.5,61.2,"TW, DS, AF"
22,8,2008,50,55.5,59.3,"TW, DS, AF"
22,8,2008,51,59.7,56.5,"TW, DS, AF"
22,8,2008,52,46.4,47.9,"TW, DS, AF"
22,8,2008,53,49.2,59.1,"TW, DS, AF"
22,8,2008,54,58.1,60.5,"TW, DS, AF"
22,8,2008,55,63.8,52.2,"TW, DS, AF"
22,8,2008,56,60.6,57,"TW, DS, AF"
22,8,2008,57,48.6,61.4,"TW, DS, AF"
22,8,2008,58,52.3,60.1,"TW, DS, AF"
22,8,2008,59,61.6,58.2,"TW, DS, AF"
22,8,2008,60,50,52.6,"TW, DS, AF"
22,8,2008,61,54.7,49.9,"TW, DS, AF"
22,8,2008,62,56.1,53.9,"TW, DS, AF"
22,8,2008,63,56.2,48.6,"TW, DS, AF"
22,8,2008,64,56.5,52.3,"TW, DS, AF"
22,8,2008,65,50.6,41.6,"TW, DS, AF"
22,8,2008,66,54,61.9,"TW, DS, AF"
22,8,2008,67,49.9,63.6,"TW, DS, AF"
22,8,2008,68,45.6,46.1,"TW, DS, AF"
22,8,2008,69,41.2,48,"TW, DS, AF"
22,8,2008,70,42.8,45,"TW, DS, AF"
22,8,2008,71,56.7,55.6,"TW, DS, AF"
22,8,2008,72,56.9,55.4,"TW, DS, AF"
22,8,2008,73,55.4,62,"TW, DS, AF"
22,8,2008,74,62.7,59.6,"TW, DS, AF"
22,8,2008,75,58.1,56.5,"TW, DS, AF"
22,8,2008,76,50.5,57.4,"TW, DS, AF"
22,8,2008,77,46,52.3,"TW, DS, AF"
22,8,2008,78,57.6,52.2,"TW, DS, AF"
22,8,2008,79,55,44.5,"TW, DS, AF"
22,8,2008,80,49.1,37.2,"TW, DS, AF"
22,8,2008,81,55.3,52.8,"TW, DS, AF"
22,8,2008,82,58.4,51,"TW, DS, AF"
22,8,2008,83,68.8,71.1,"TW, DS, AF"
22,8,2008,84,58.5,52.1,"TW, DS, AF"
22,8,2008,85,60.9,56.6,"TW, DS, AF"
22,8,2008,86,53.6,53.6,"TW, DS, AF"
22,8,2008,87,57.2,55.6,"TW, DS, AF"
22,8,2008,88,49.1,52.6,"TW, DS, AF"
22,8,2008,89,50,51.5,"TW, DS, AF"
22,8,2008,90,34.7,33.5,"TW, DS, AF"
22,8,2008,91,62.5,61.2,"TW, DS, AF"
22,8,2008,92,66.3,70.5,"TW, DS, AF"
22,8,2008,93,65.1,70.8,"TW, DS, AF"
22,8,2008,94,67.2,55.8,"TW, DS, AF"
22,8,2008,95,62.5,58.8,"TW, DS, AF"
22,8,2008,96,53.5,50.5,"TW, DS, AF"
22,8,2008,97,54.2,41.7,"TW, DS, AF"
22,8,2008,98,54.1,44.9,"TW, DS, AF"
22,8,2008,99,32.1,35.1,"TW, DS, AF"
22,8,2008,100,44.9,44.8,"TW, DS, AF"
10,8,2009,1,76.6,78.5,"DS, MN, AF"
10,8,2009,2,75.2,73.6,"DS, MN, AF"
10,8,2009,3,64.1,72.6,"DS, MN, AF"
10,8,2009,4,71.7,70.5,"DS, MN, AF"
10,8,2009,5,59,63.3,"DS, MN, AF"
10,8,2009,6,66.3,60.4,"DS, MN, AF"
10,8,2009,7,59.8,62.3,"DS, MN, AF"
10,8,2009,8,68.3,62.6,"DS, MN, AF"
10,8,2009,9,70.3,68.5,"DS, MN, AF"
10,8,2009,10,61.3,65.4,"DS, MN, AF"
10,8,2009,11,51,59.1,"DS, MN, AF"
10,8,2009,12,72.3,71,"DS, MN, AF"
10,8,2009,13,52,54.2,"DS, MN, AF"
10,8,2009,14,61.4,63.3,"DS, MN, AF"
10,8,2009,15,55.4,54.3,"DS, MN, AF"
10,8,2009,16,48.6,54,"DS, MN, AF"
10,8,2009,17,55,51.3,"DS, MN, AF"
10,8,2009,18,64.6,68.1,"DS, MN, AF"
10,8,2009,19,57.4,57.6,"DS, MN, AF"
10,8,2009,20,67.5,71.6,"DS, MN, AF"
10,8,2009,21,66.8,72.1,"DS, MN, AF"
10,8,2009,22,65.3,64,"DS, MN, AF"
10,8,2009,23,64.7,62.9,"DS, MN, AF"
10,8,2009,24,45.5,48,"DS, MN, AF"
10,8,2009,25,48.5,51.3,"DS, MN, AF"
10,8,2009,26,52.9,55.1,"DS, MN, AF"
10,8,2009,27,57.1,55.1,"DS, MN, AF"
10,8,2009,28,67.5,64.9,"DS, MN, AF"
10,8,2009,29,61.9,65,"DS, MN, AF"
10,8,2009,30,72.9,73.9,"DS, MN, AF"
10,8,2009,31,70.1,67.9,"DS, MN, AF"
10,8,2009,32,66.5,66.1,"DS, MN, AF"
10,8,2009,33,54.4,57.9,"DS, MN, AF"
10,8,2009,34,60,62,"DS, MN, AF"
10,8,2009,35,60,59.7,"DS, MN, AF"
10,8,2009,36,44.9,45.6,"DS, MN, AF"
10,8,2009,37,59.9,60,"DS, MN, AF"
10,8,2009,38,65.7,69.8,"DS, MN, AF"
10,8,2009,39,66.4,44.7,"DS, MN, AF"
10,8,2009,40,61.5,66.7,"DS, MN, AF"
10,8,2009,41,64.8,66.7,"DS, MN, AF"
10,8,2009,42,66.7,61.5,"DS, MN, AF"
10,8,2009,43,57.1,57.8,"DS, MN, AF"
10,8,2009,44,56.2,57,"DS, MN, AF"
10,8,2009,45,43.3,50.5,"DS, MN, AF"
10,8,2009,46,58.1,58.5,"DS, MN, AF"
10,8,2009,47,65.5,68.6,"DS, MN, AF"
10,8,2009,48,50.1,53.1,"DS, MN, AF"
10,8,2009,49,68.4,65.5,"DS, MN, AF"
10,8,2009,50,56.5,64.8,"DS, MN, AF"
10,8,2009,51,59.4,59.3,"DS, MN, AF"
10,8,2009,52,53.6,56.4,"DS, MN, AF"
10,8,2009,53,47.7,52.8,"DS, MN, AF"
10,8,2009,54,65.5,63.5,"DS, MN, AF"
10,8,2009,55,61.3,61.6,"DS, MN, AF"
10,8,2009,56,53.3,59.5,"DS, MN, AF"
10,8,2009,57,41.6,61,"DS, MN, AF"
10,8,2009,58,56.2,58.8,"DS, MN, AF"
10,8,2009,59,54.7,61.2,"DS, MN, AF"
10,8,2009,60,42.8,54.2,"DS, MN, AF"
10,8,2009,61,54.4,54.5,"DS, MN, AF"
10,8,2009,62,63.5,61.8,"DS, MN, AF"
10,8,2009,63,52.4,57.8,"DS, MN, AF"
10,8,2009,64,61.9,67.4,"DS, MN, AF"
10,8,2009,65,67.8,70.6,"DS, MN, AF"
10,8,2009,66,67.5,69,"DS, MN, AF"
10,8,2009,67,60.4,57.2,"DS, MN, AF"
10,8,2009,68,65.1,66.6,"DS, MN, AF"
10,8,2009,69,55.8,58.6,"DS, MN, AF"
10,8,2009,70,60.3,58.7,"DS, MN, AF"
10,8,2009,71,54,57.2,"DS, MN, AF"
10,8,2009,72,58,65.2,"DS, MN, AF"
10,8,2009,73,71.9,71.8,"DS, MN, AF"
10,8,2009,74,55.9,55.5,"DS, MN, AF"
10,8,2009,75,52.9,53.2,"DS, MN, AF"
10,8,2009,76,58.2,57.5,"DS, MN, AF"
10,8,2009,77,68.2,66.1,"DS, MN, AF"
10,8,2009,78,57.4,61.8,"DS, MN, AF"
10,8,2009,79,28.6,35.6,"DS, MN, AF"
10,8,2009,80,54.1,51.3,"DS, MN, AF"
10,8,2009,81,53.4,55.8,"DS, MN, AF"
10,8,2009,82,56.4,57.3,"DS, MN, AF"
10,8,2009,83,71.9,70.5,"DS, MN, AF"
10,8,2009,84,65.4,67.5,"DS, MN, AF"
10,8,2009,85,76.1,75.3,"DS, MN, AF"
10,8,2009,86,71,66.9,"DS, MN, AF"
10,8,2009,87,66,67,"DS, MN, AF"
10,8,2009,88,56.9,54.8,"DS, MN, AF"
10,8,2009,89,54.4,49.9,"DS, MN, AF"
10,8,2009,90,49.3,46.9,"DS, MN, AF"
10,8,2009,91,71.6,72.1,"DS, MN, AF"
10,8,2009,92,73.3,69.5,"DS, MN, AF"
10,8,2009,93,79.1,79,"DS, MN, AF"
10,8,2009,94,57.4,71.8,"DS, MN, AF"
10,8,2009,95,54.8,69,"DS, MN, AF"
10,8,2009,96,67.5,69,"DS, MN, AF"
10,8,2009,97,61.5,54.5,"DS, MN, AF"
10,8,2009,98,59.2,62.9,"DS, MN, AF"
10,8,2009,99,45,50.8,"DS, MN, AF"
10,8,2009,100,58.5,67.5,"DS, MN, AF"
9,8,2010,1,69.2,81.8,"DS, MN, AF"
9,8,2010,2,75.4,72.7,"DS, MN, AF"
9,8,2010,3,69,59.2,"DS, MN, AF"
9,8,2010,4,71.3,64.8,"DS, MN, AF"
9,8,2010,5,67.7,61.2,"DS, MN, AF"
9,8,2010,6,68.4,69.2,"DS, MN, AF"
9,8,2010,7,54.3,53,"DS, MN, AF"
9,8,2010,8,56.5,59.7,"DS, MN, AF"
9,8,2010,9,63.4,67.8,"DS, MN, AF"
9,8,2010,10,61.7,65.6,"DS, MN, AF"
9,8,2010,11,65.4,61.9,"DS, MN, AF"
9,8,2010,12,74.2,69.8,"DS, MN, AF"
9,8,2010,13,53.3,53.7,"DS, MN, AF"
9,8,2010,14,54.8,50.7,"DS, MN, AF"
9,8,2010,15,50.4,53.7,"DS, MN, AF"
9,8,2010,16,39.7,53.4,"DS, MN, AF"
9,8,2010,17,59.4,70.4,"DS, MN, AF"
9,8,2010,18,60.2,54.8,"DS, MN, AF"
9,8,2010,19,56.9,59.5,"DS, MN, AF"
9,8,2010,20,65.5,52.6,"DS, MN, AF"
9,8,2010,21,59.1,74.3,"DS, MN, AF"
9,8,2010,22,70.5,67.5,"DS, MN, AF"
9,8,2010,23,50.6,61.2,"DS, MN, AF"
9,8,2010,24,62.7,58.1,"DS, MN, AF"
9,8,2010,25,53.6,61.6,"DS, MN, AF"
9,8,2010,26,51.1,44.3,"DS, MN, AF"
9,8,2010,27,53.7,51.7,"DS, MN, AF"
9,8,2010,28,62.8,52.7,"DS, MN, AF"
9,8,2010,29,62.5,44.3,"DS, MN, AF"
9,8,2010,30,70.6,66.6,"DS, MN, AF"
9,8,2010,31,68.2,72.4,"DS, MN, AF"
9,8,2010,32,67.2,69,"DS, MN, AF"
9,8,2010,33,63.6,55.5,"DS, MN, AF"
9,8,2010,34,55,54.3,"DS, MN, AF"
9,8,2010,35,46.7,59.5,"DS, MN, AF"
9,8,2010,36,48.4,57.8,"DS, MN, AF"
9,8,2010,37,57.7,48.5,"DS, MN, AF"
9,8,2010,38,67.4,59,"DS, MN, AF"
9,8,2010,39,54.1,53.4,"DS, MN, AF"
9,8,2010,40,55.7,68.8,"DS, MN, AF"
9,8,2010,41,69.4,69.2,"DS, MN, AF"
9,8,2010,42,67.6,66,"DS, MN, AF"
9,8,2010,43,57.5,57.7,"DS, MN, AF"
9,8,2010,44,45.7,43.6,"DS, MN, AF"
9,8,2010,45,53.3,42.5,"DS, MN, AF"
9,8,2010,46,51.3,48.7,"DS, MN, AF"
9,8,2010,47,55.1,54.6,"DS, MN, AF"
9,8,2010,48,46.9,48,"DS, MN, AF"
9,8,2010,49,68.8,56.7,"DS, MN, AF"
9,8,2010,50,60.4,63.2,"DS, MN, AF"
9,8,2010,51,58.3,59.8,"DS, MN, AF"
9,8,2010,52,48.8,54.4,"DS, MN, AF"
9,8,2010,53,48.6,47.2,"DS, MN, AF"
9,8,2010,54,62,54.9,"DS, MN, AF"
9,8,2010,55,61,57.9,"DS, MN, AF"
9,8,2010,56,45.9,59.8,"DS, MN, AF"
9,8,2010,57,50.3,64.8,"DS, MN, AF"
9,8,2010,58,62.9,43.7,"DS, MN, AF"
9,8,2010,59,59.6,54.4,"DS, MN, AF"
9,8,2010,60,52.6,50.7,"DS, MN, AF"
9,8,2010,61,58.7,53.1,"DS, MN, AF"
9,8,2010,62,56.3,60.2,"DS, MN, AF"
9,8,2010,63,49.6,58.6,"DS, MN, AF"
9,8,2010,64,62.2,62.5,"DS, MN, AF"
9,8,2010,65,62.9,59.2,"DS, MN, AF"
9,8,2010,66,60.8,61,"DS, MN, AF"
9,8,2010,67,54.8,55.1,"DS, MN, AF"
9,8,2010,68,59.1,58.7,"DS, MN, AF"
9,8,2010,69,45.5,55.3,"DS, MN, AF"
9,8,2010,70,47.4,46.6,"DS, MN, AF"
9,8,2010,71,53.3,57.9,"DS, MN, AF"
9,8,2010,72,65.4,60,"DS, MN, AF"
9,8,2010,73,69.1,68.8,"DS, MN, AF"
9,8,2010,74,65,59.8,"DS, MN, AF"
9,8,2010,75,59.4,58.8,"DS, MN, AF"
9,8,2010,76,50.6,54.5,"DS, MN, AF"
9,8,2010,77,51.1,60.6,"DS, MN, AF"
9,8,2010,78,47.2,63.3,"DS, MN, AF"
9,8,2010,79,43.3,38.3,"DS, MN, AF"
9,8,2010,80,53.3,39.8,"DS, MN, AF"
9,8,2010,81,55.3,58.8,"DS, MN, AF"
9,8,2010,82,56.4,62.6,"DS, MN, AF"
9,8,2010,83,70.9,71.9,"DS, MN, AF"
9,8,2010,84,60.8,56.6,"DS, MN, AF"
9,8,2010,85,64.8,66.8,"DS, MN, AF"
9,8,2010,86,57.8,55.8,"DS, MN, AF"
9,8,2010,87,62.2,56.1,"DS, MN, AF"
9,8,2010,88,44.1,52.3,"DS, MN, AF"
9,8,2010,89,45.8,55.2,"DS, MN, AF"
9,8,2010,90,40.4,41.5,"DS, MN, AF"
9,8,2010,91,70.5,62.6,"DS, MN, AF"
9,8,2010,92,75.6,71.8,"DS, MN, AF"
9,8,2010,93,73.9,65.9,"DS, MN, AF"
9,8,2010,94,57.8,67.6,"DS, MN, AF"
9,8,2010,95,67.5,64.4,"DS, MN, AF"
9,8,2010,96,59.9,51.8,"DS, MN, AF"
9,8,2010,97,49.1,52.5,"DS, MN, AF"
9,8,2010,98,65.1,57.2,"DS, MN, AF"
9,8,2010,99,39.7,48,"DS, MN, AF"
9,8,2010,100,52.6,45.6,"DS, MN, AF"
16,7,2011,1,76.5,76.5,"AS, SA"
16,7,2011,2,74.6,71,"AS, SA"
16,7,2011,3,61.2,69.4,"AS, SA"
16,7,2011,4,70.1,69.5,"AS, SA"
16,7,2011,5,70.1,73,"AS, SA"
16,7,2011,6,58.5,72.7,"AS, SA"
16,7,2011,7,71.6,72.6,"AS, SA"
16,7,2011,8,73.4,67.1,"AS, SA"
16,7,2011,9,68.2,71.8,"AS, SA"
16,7,2011,10,58.8,69.5,"AS, SA"
16,7,2011,11,57.8,75.2,"AS, SA"
16,7,2011,12,61.1,70.3,"AS, SA"
16,7,2011,13,69.1,70.7,"AS, SA"
16,7,2011,14,60.3,66.5,"AS, SA"
16,7,2011,15,57.7,58.6,"AS, SA"
16,7,2011,16,64.7,57.5,"AS, SA"
16,7,2011,17,64.6,74.8,"AS, SA"
16,7,2011,18,67.2,62.1,"AS, SA"
16,7,2011,19,69.1,63.2,"AS, SA"
16,7,2011,20,62,74.7,"AS, SA"
16,7,2011,21,58.9,71.4,"AS, SA"
16,7,2011,22,71.2,62.2,"AS, SA"
16,7,2011,23,71,66.5,"AS, SA"
16,7,2011,24,66.6,64.4,"AS, SA"
16,7,2011,25,62,66.1,"AS, SA"
16,7,2011,26,64.6,57.2,"AS, SA"
16,7,2011,27,58.2,62.5,"AS, SA"
16,7,2011,28,78.5,70.5,"AS, SA"
16,7,2011,29,68.9,74.6,"AS, SA"
16,7,2011,30,74.7,68.7,"AS, SA"
16,7,2011,31,66.4,66.3,"AS, SA"
16,7,2011,32,67.2,72,"AS, SA"
16,7,2011,33,72.3,69,"AS, SA"
16,7,2011,34,67.2,66.9,"AS, SA"
16,7,2011,35,59.6,70.8,"AS, SA"
16,7,2011,36,64.5,63.3,"AS, SA"
16,7,2011,37,61.8,57.2,"AS, SA"
16,7,2011,38,64.6,62.3,"AS, SA"
16,7,2011,39,76.5,67.8,"AS, SA"
16,7,2011,40,67.7,57.2,"AS, SA"
16,7,2011,41,68.7,70.1,"AS, SA"
16,7,2011,42,64.4,69,"AS, SA"
16,7,2011,43,70,57.7,"AS, SA"
16,7,2011,44,61.1,64.7,"AS, SA"
16,7,2011,45,50.9,53.2,"AS, SA"
16,7,2011,46,65.9,69,"AS, SA"
16,7,2011,47,73,69,"AS, SA"
16,7,2011,48,73.5,71.4,"AS, SA"
16,7,2011,49,68.2,62.7,"AS, SA"
16,7,2011,50,65.4,70.8,"AS, SA"
16,7,2011,51,60,70,"AS, SA"
16,7,2011,52,59,54.5,"AS, SA"
16,7,2011,53,49.8,55.4,"AS, SA"
16,7,2011,54,65.5,63.7,"AS, SA"
16,7,2011,55,65.5,63.6,"AS, SA"
16,7,2011,56,65.5,65.1,"AS, SA"
16,7,2011,57,65.5,59.3,"AS, SA"
16,7,2011,58,66.7,63.9,"AS, SA"
16,7,2011,59,60.4,65.6,"AS, SA"
16,7,2011,60,51.2,63.6,"AS, SA"
16,7,2011,61,65,60.5,"AS, SA"
16,7,2011,62,44,65,"AS, SA"
16,7,2011,63,60,64.1,"AS, SA"
16,7,2011,64,72.9,74.8,"AS, SA"
16,7,2011,65,66.8,67.9,"AS, SA"
16,7,2011,66,72,71.6,"AS, SA"
16,7,2011,67,69,69.9,"AS, SA"
16,7,2011,68,60.1,66.3,"AS, SA"
16,7,2011,69,58.4,64,"AS, SA"
16,7,2011,70,58.6,54.1,"AS, SA"
16,7,2011,71,64.6,63.5,"AS, SA"
16,7,2011,72,67.2,68,"AS, SA"
16,7,2011,73,76.2,72,"AS, SA"
16,7,2011,74,76.9,71.4,"AS, SA"
16,7,2011,75,70.5,73,"AS, SA"
16,7,2011,76,72.4,69,"AS, SA"
16,7,2011,77,64.5,76.1,"AS, SA"
16,7,2011,78,64.5,60.6,"AS, SA"
16,7,2011,79,49.7,56.6,"AS, SA"
16,7,2011,80,47,54.4,"AS, SA"
16,7,2011,81,59.1,56.3,"AS, SA"
16,7,2011,82,72.2,67,"AS, SA"
16,7,2011,83,67,61.1,"AS, SA"
16,7,2011,84,65,50.1,"AS, SA"
16,7,2011,85,74.6,73.1,"AS, SA"
16,7,2011,86,72.8,71.1,"AS, SA"
16,7,2011,87,63.5,65.6,"AS, SA"
16,7,2011,88,72.1,60.9,"AS, SA"
16,7,2011,89,59.6,59.2,"AS, SA"
16,7,2011,90,50.6,61.1,"AS, SA"
16,7,2011,91,73,69.5,"AS, SA"
16,7,2011,92,80.2,74.8,"AS, SA"
16,7,2011,93,79.4,79,"AS, SA"
16,7,2011,94,79.4,72.9,"AS, SA"
16,7,2011,95,73.2,78.1,"AS, SA"
16,7,2011,96,63.6,61.8,"AS, SA"
16,7,2011,97,66,63.2,"AS, SA"
16,7,2011,98,70.1,64.3,"AS, SA"
16,7,2011,99,53.5,63.1,"AS, SA"
16,7,2011,100,68.2,51.5,"AS, SA"
27,7,2012,1,78,75,"AS, AF"
27,7,2012,2,76,76,"AS, AF"
27,7,2012,3,72,76,"AS, AF"
27,7,2012,4,73,66,"AS, AF"
27,7,2012,5,70,64,"AS, AF"
27,7,2012,6,71,70,"AS, AF"
27,7,2012,7,71,72,"AS, AF"
27,7,2012,8,71,66,"AS, AF"
27,7,2012,9,73,71,"AS, AF"
27,7,2012,10,69,63,"AS, AF"
27,7,2012,11,76,70,"AS, AF"
27,7,2012,12,71,79,"AS, AF"
27,7,2012,13,65,61,"AS, AF"
27,7,2012,14,65,57,"AS, AF"
27,7,2012,15,59,57,"AS, AF"
27,7,2012,16,51,64,"AS, AF"
27,7,2012,17,66,64,"AS, AF"
27,7,2012,18,68,70,"AS, AF"
27,7,2012,19,66,69,"AS, AF"
27,7,2012,20,70,70,"AS, AF"
27,7,2012,21,73,71,"AS, AF"
27,7,2012,22,71,70,"AS, AF"
27,7,2012,23,66,66,"AS, AF"
27,7,2012,24,64,66,"AS, AF"
27,7,2012,25,64,62,"AS, AF"
27,7,2012,26,63,58,"AS, AF"
27,7,2012,27,62,64,"AS, AF"
27,7,2012,28,75,67,"AS, AF"
27,7,2012,29,73,71,"AS, AF"
27,7,2012,30,71,71,"AS, AF"
27,7,2012,31,68,70,"AS, AF"
27,7,2012,32,71,71,"AS, AF"
27,7,2012,33,70,66,"AS, AF"
27,7,2012,34,70,70,"AS, AF"
27,7,2012,35,68,67,"AS, AF"
27,7,2012,36,56,65,"AS, AF"
27,7,2012,37,68,52,"AS, AF"
27,7,2012,38,69,69,"AS, AF"
27,7,2012,39,64,69,"AS, AF"
27,7,2012,40,60,67,"AS, AF"
27,7,2012,41,66,67,"AS, AF"
27,7,2012,42,68,70,"AS, AF"
27,7,2012,43,66,69,"AS, AF"
27,7,2012,44,65,67,"AS, AF"
27,7,2012,45,55,51,"AS, AF"
27,7,2012,46,70,57,"AS, AF"
27,7,2012,47,72,67,"AS, AF"
27,7,2012,48,67,60,"AS, AF"
27,7,2012,49,70,60,"AS, AF"
27,7,2012,50,72,62,"AS, AF"
27,7,2012,51,63,68,"AS, AF"
27,7,2012,52,62,64,"AS, AF"
27,7,2012,53,54,66,"AS, AF"
27,7,2012,54,66,67,"AS, AF"
27,7,2012,55,65,61,"AS, AF"
27,7,2012,56,64,59,"AS, AF"
27,7,2012,57,66,67,"AS, AF"
27,7,2012,58,62,71,"AS, AF"
27,7,2012,59,58,66,"AS, AF"
27,7,2012,60,60,66,"AS, AF"
27,7,2012,61,67,65,"AS, AF"
27,7,2012,62,67,61,"AS, AF"
27,7,2012,63,62,59,"AS, AF"
27,7,2012,64,69,62,"AS, AF"
27,7,2012,65,68,66,"AS, AF"
27,7,2012,66,69,73,"AS, AF"
27,7,2012,67,69,64,"AS, AF"
27,7,2012,68,61,58,"AS, AF"
27,7,2012,69,55,53,"AS, AF"
27,7,2012,70,58,60,"AS, AF"
27,7,2012,71,65,65,"AS, AF"
27,7,2012,72,67,66,"AS, AF"
27,7,2012,73,73,75,"AS, AF"
27,7,2012,74,66,70,"AS, AF"
27,7,2012,75,73,71,"AS, AF"
27,7,2012,76,62,64,"AS, AF"
27,7,2012,77,60,69,"AS, AF"
27,7,2012,78,64,62,"AS, AF"
27,7,2012,79,46,62,"AS, AF"
27,7,2012,80,51,48,"AS, AF"
27,7,2012,81,61,59,"AS, AF"
27,7,2012,82,71,72,"AS, AF"
27,7,2012,83,73,74,"AS, AF"
27,7,2012,84,70,66,"AS, AF"
27,7,2012,85,68,68,"AS, AF"
27,7,2012,86,65,58,"AS, AF"
27,7,2012,87,59,63,"AS, AF"
27,7,2012,88,57,61,"AS, AF"
27,7,2012,89,57,53,"AS, AF"
27,7,2012,90,42,55,"AS, AF"
27,7,2012,91,72,67,"AS, AF"
27,7,2012,92,73,73,"AS, AF"
27,7,2012,93,79,79,"AS, AF"
27,7,2012,94,72,62,"AS, AF"
27,7,2012,95,76,75,"AS, AF"
27,7,2012,96,68,62,"AS, AF"
27,7,2012,97,70,64,"AS, AF"
27,7,2012,98,56,59,"AS, AF"
27,7,2012,99,46,52,"AS, AF"
27,7,2012,100,66,53,"AS, AF"
31,7,2013,1,56,60,"AS, RB, SA"
31,7,2013,2,58,54,"AS, RB, SA"
31,7,2013,3,60,55,"AS, RB, SA"
31,7,2013,4,63,58,"AS, RB, SA"
31,7,2013,5,58,48,"AS, RB, SA"
31,7,2013,6,64,62,"AS, RB, SA"
31,7,2013,7,69,59,"AS, RB, SA"
31,7,2013,8,66,59,"AS, RB, SA"
31,7,2013,9,67,67,"AS, RB, SA"
31,7,2013,10,62,60,"AS, RB, SA"
31,7,2013,11,58,65,"AS, RB, SA"
31,7,2013,12,66,69,"AS, RB, SA"
31,7,2013,13,51,60,"AS, RB, SA"
31,7,2013,14,60,54,"AS, RB, SA"
31,7,2013,15,62,62,"AS, RB, SA"
31,7,2013,16,54,55,"AS, RB, SA"
31,7,2013,17,56,66,"AS, RB, SA"
31,7,2013,18,64,62,"AS, RB, SA"
31,7,2013,19,56,67,"AS, RB, SA"
31,7,2013,20,63,56,"AS, RB, SA"
31,7,2013,21,65,60,"AS, RB, SA"
31,7,2013,22,62,60,"AS, RB, SA"
31,7,2013,23,66,61,"AS, RB, SA"
31,7,2013,24,54,67,"AS, RB, SA"
31,7,2013,25,61,60,"AS, RB, SA"
31,7,2013,26,60,59,"AS, RB, SA"
31,7,2013,27,55,57,"AS, RB, SA"
31,7,2013,28,62,63,"AS, RB, SA"
31,7,2013,29,60,51,"AS, RB, SA"
31,7,2013,30,68,63,"AS, RB, SA"
31,7,2013,31,62,59,"AS, RB, SA"
31,7,2013,32,64,64,"AS, RB, SA"
31,7,2013,33,60,62,"AS, RB, SA"
31,7,2013,34,60,60,"AS, RB, SA"
31,7,2013,35,62,55,"AS, RB, SA"
31,7,2013,36,48,55,"AS, RB, SA"
31,7,2013,37,49,49,"AS, RB, SA"
31,7,2013,38,58,56,"AS, RB, SA"
31,7,2013,39,48,53,"AS, RB, SA"
31,7,2013,40,70,63,"AS, RB, SA"
31,7,2013,41,56,61,"AS, RB, SA"
31,7,2013,42,66,64,"AS, RB, SA"
31,7,2013,43,58,57,"AS, RB, SA"
31,7,2013,44,60,55,"AS, RB, SA"
31,7,2013,45,56,55,"AS, RB, SA"
31,7,2013,46,60,56,"AS, RB, SA"
31,7,2013,47,67,57,"AS, RB, SA"
31,7,2013,48,57,63,"AS, RB, SA"
31,7,2013,49,58,59,"AS, RB, SA"
31,7,2013,50,61,73,"AS, RB, SA"
31,7,2013,51,54,59,"AS, RB, SA"
31,7,2013,52,56,51,"AS, RB, SA"
31,7,2013,53,50,38,"AS, RB, SA"
31,7,2013,54,63,55,"AS, RB, SA"
31,7,2013,55,60,53,"AS, RB, SA"
31,7,2013,56,63,63,"AS, RB, SA"
31,7,2013,57,57,57,"AS, RB, SA"
31,7,2013,58,54,55,"AS, RB, SA"
31,7,2013,59,58,58,"AS, RB, SA"
31,7,2013,60,53,56,"AS, RB, SA"
31,7,2013,61,59,53,"AS, RB, SA"
31,7,2013,62,59,58,"AS, RB, SA"
31,7,2013,63,55,56,"AS, RB, SA"
31,7,2013,64,64,64,"AS, RB, SA"
31,7,2013,65,64,56,"AS, RB, SA"
31,7,2013,66,60,60,"AS, RB, SA"
31,7,2013,67,64,62,"AS, RB, SA"
31,7,2013,68,60,56,"AS, RB, SA"
31,7,2013,69,57,49,"AS, RB, SA"
31,7,2013,70,57,43,"AS, RB, SA"
31,7,2013,71,51,58,"AS, RB, SA"
31,7,2013,72,58,59,"AS, RB, SA"
31,7,2013,73,48,56,"AS, RB, SA"
31,7,2013,74,48,59,"AS, RB, SA"
31,7,2013,75,48,60,"AS, RB, SA"
31,7,2013,76,60,67,"AS, RB, SA"
31,7,2013,77,58,52,"AS, RB, SA"
31,7,2013,78,56,54,"AS, RB, SA"
31,7,2013,79,36,38,"AS, RB, SA"
31,7,2013,80,48,50,"AS, RB, SA"
31,7,2013,81,54,53,"AS, RB, SA"
31,7,2013,82,55,46,"AS, RB, SA"
31,7,2013,83,64,53,"AS, RB, SA"
31,7,2013,84,61,59,"AS, RB, SA"
31,7,2013,85,47,62,"AS, RB, SA"
31,7,2013,86,63,56,"AS, RB, SA"
31,7,2013,87,59,56,"AS, RB, SA"
31,7,2013,88,51,63,"AS, RB, SA"
31,7,2013,89,47,57,"AS, RB, SA"
31,7,2013,90,46,47,"AS, RB, SA"
31,7,2013,91,50,63,"AS, RB, SA"
31,7,2013,92,64,63,"AS, RB, SA"
31,7,2013,93,59,54,"AS, RB, SA"
31,7,2013,94,63,71,"AS, RB, SA"
31,7,2013,95,58,68,"AS, RB, SA"
31,7,2013,96,61,65,"AS, RB, SA"
31,7,2013,97,63,58,"AS, RB, SA"
31,7,2013,98,60,62,"AS, RB, SA"
31,7,2013,99,39,45,"AS, RB, SA"
31,7,2013,100,56,55,"AS, RB, SA"
25,7,2014,1,68,78,"EH, AF"
25,7,2014,2,79,66,"EH, AF"
25,7,2014,3,62.5,59.5,"EH, AF"
25,7,2014,4,67,60,"EH, AF"
25,7,2014,5,64,63,"EH, AF"
25,7,2014,6,61,59,"EH, AF"
25,7,2014,7,59,58,"EH, AF"
25,7,2014,8,63,66,"EH, AF"
25,7,2014,9,63,64,"EH, AF"
25,7,2014,10,54,56,"EH, AF"
25,7,2014,11,50,61,"EH, AF"
25,7,2014,12,64,68,"EH, AF"
25,7,2014,13,44,46,"EH, AF"
25,7,2014,14,61,60,"EH, AF"
25,7,2014,15,57,61,"EH, AF"
25,7,2014,16,48,48,"EH, AF"
25,7,2014,17,48,52,"EH, AF"
25,7,2014,18,63,60,"EH, AF"
25,7,2014,19,51,51,"EH, AF"
25,7,2014,20,61,63,"EH, AF"
25,7,2014,21,59,55,"EH, AF"
25,7,2014,22,54,62,"EH, AF"
25,7,2014,23,63,64,"EH, AF"
25,7,2014,24,43,46,"EH, AF"
25,7,2014,25,52.5,51.5,"EH, AF"
25,7,2014,26,59,59.5,"EH, AF"
25,7,2014,27,48,50,"EH, AF"
25,7,2014,28,58,59.5,"EH, AF"
25,7,2014,29,57,63,"EH, AF"
25,7,2014,30,66,65,"EH, AF"
25,7,2014,31,64,63,"EH, AF"
25,7,2014,32,61.5,59,"EH, AF"
25,7,2014,33,42.5,57,"EH, AF"
25,7,2014,34,50.5,55.5,"EH, AF"
25,7,2014,35,59.5,59,"EH, AF"
25,7,2014,36,32,34.5,"EH, AF"
25,7,2014,37,45.5,46,"EH, AF"
25,7,2014,38,55.5,63,"EH, AF"
25,7,2014,39,38,35.5,"EH, AF"
25,7,2014,40,59,57,"EH, AF"
26,7,2014,41,56,56,"EH, DU"
26,7,2014,42,57,56.5,"EH, DU"
26,7,2014,43,51,46,"EH, DU"
26,7,2014,44,58,55,"EH, DU"
26,7,2014,45,48.5,32,"EH, DU"
26,7,2014,46,58,58,"EH, DU"
26,7,2014,47,65,67,"EH, DU"
26,7,2014,48,58,59,"EH, DU"
26,7,2014,49,64,63.5,"EH, DU"
26,7,2014,50,62,62,"EH, DU"
26,7,2014,51,50,50.5,"EH, DU"
26,7,2014,52,49,49.5,"EH, DU"
26,7,2014,53,41,45,"EH, DU"
26,7,2014,54,61,59,"EH, DU"
26,7,2014,55,57,62,"EH, DU"
26,7,2014,56,60,60,"EH, DU"
26,7,2014,57,52,60,"EH, DU"
26,7,2014,58,57,49.5,"EH, DU"
26,7,2014,59,53,49,"EH, DU"
26,7,2014,60,41,50,"EH, DU"
26,7,2014,61,49.5,49,"EH, DU"
26,7,2014,62,60,62,"EH, DU"
26,7,2014,63,51,49,"EH, DU"
26,7,2014,64,64,53,"EH, DU"
26,7,2014,65,64,59.5,"EH, DU"
26,7,2014,66,61.5,61,"EH, DU"
26,7,2014,67,61.5,63,"EH, DU"
26,7,2014,68,60.5,58.5,"EH, DU"
26,7,2014,69,53,48,"EH, DU"
26,7,2014,70,43,47,"EH, DU"
26,7,2014,71,54,50,"EH, DU"
26,7,2014,72,57,57,"EH, DU"
26,7,2014,73,56.5,65,"EH, DU"
26,7,2014,74,47,46,"EH, DU"
26,7,2014,75,50,54,"EH, DU"
26,7,2014,76,48,57.5,"EH, DU"
26,7,2014,77,59,52.5,"EH, DU"
26,7,2014,78,53,55,"EH, DU"
26,7,2014,79,36,42,"EH, DU"
26,7,2014,80,48.5,36,"EH, DU"
26,7,2014,81,46.5,50.5,"EH, DU"
26,7,2014,82,50.5,60.5,"EH, DU"
26,7,2014,83,62.5,65,"EH, DU"
26,7,2014,84,58.5,60,"EH, DU"
26,7,2014,85,67.5,67.5,"EH, DU"
26,7,2014,86,65,60,"EH, DU"
26,7,2014,87,53.5,60.5,"EH, DU"
26,7,2014,88,57,47,"EH, DU"
26,7,2014,89,44.5,50,"EH, DU"
26,7,2014,90,42,42,"EH, DU"
26,7,2014,91,66.5,62,"EH, DU"
26,7,2014,92,57.5,65.5,"EH, DU"
26,7,2014,93,72,72,"EH, DU"
26,7,2014,94,64,63.5,"EH, DU"
26,7,2014,95,63,64,"EH, DU"
26,7,2014,96,66,65,"EH, DU"
26,7,2014,97,54,57.5,"EH, DU"
26,7,2014,98,60,58.5,"EH, DU"
26,7,2014,99,46,36,"EH, DU"
26,7,2014,100,54,58,"EH, DU"
29,7,2015,1,79.3,80.6,SA
29,7,2015,2,77,76,SA
29,7,2015,3,77.2,74.3,SA
29,7,2015,4,71.2,69.6,SA
29,7,2015,5,71.7,70.5,SA
29,7,2015,6,66.2,65,SA
29,7,2015,7,68.5,69.3,SA
29,7,2015,8,69.8,67,SA
29,7,2015,9,71.6,68.4,SA
29,7,2015,10,63.5,62.6,SA
29,7,2015,11,61,61,EH
29,7,2015,12,72.5,71,EH
29,7,2015,13,53.4,53,EH
29,7,2015,14,62,61.7,EH
29,7,2015,15,67.5,61.3,EH
29,7,2015,16,53.6,53.7,EH
29,7,2015,17,50.2,49,EH
29,7,2015,18,64.8,66,EH
29,7,2015,19,54,56.5,EH
29,7,2015,20,65.5,64.8,EH
29,7,2015,21,74,74.8,SA
29,7,2015,22,72.8,72.5,SA
29,7,2015,23,67.1,68.6,SA
29,7,2015,24,60.3,62.5,SA
29,7,2015,25,62.2,59,SA
29,7,2015,26,66.5,65,SA
29,7,2015,27,61.7,60.5,SA
29,7,2015,28,67.5,68.6,SA
29,7,2015,29,62.1,62.1,SA
29,7,2015,30,69.4,70.3,SA
29,7,2015,31,70.5,70.6,EH
29,7,2015,32,73,71,EH
29,7,2015,33,62,52.5,EH
29,7,2015,34,64.5,61.5,EH
29,7,2015,35,64.5,67.2,EH
29,7,2015,36,37,42,EH
29,7,2015,37,55.5,53.5,EH
29,7,2015,38,60.6,63.7,EH
29,7,2015,39,48.1,51.5,EH
29,7,2015,40,69.2,65,EH
29,7,2015,41,58,64,SA
29,7,2015,42,71.5,70,SA
29,7,2015,43,63.4,58,SA
29,7,2015,44,62,57.8,SA
29,7,2015,45,52.2,54.9,SA
29,7,2015,46,65.7,65.1,SA
29,7,2015,47,72.2,71.5,SA
29,7,2015,48,69,62.3,SA
29,7,2015,49,69.7,70.7,SA
29,7,2015,50,69.2,65.1,SA
29,7,2015,51,56,58.5,EH
29,7,2015,52,55.7,53.4,EH
29,7,2015,53,47.3,59.8,EH
29,7,2015,54,64,65,EH
29,7,2015,55,67.5,65.7,EH
29,7,2015,56,65.5,61,EH
29,7,2015,57,56.5,57,EH
29,7,2015,58,55,58.2,EH
29,7,2015,59,61,58,EH
29,7,2015,60,58,53.5,EH
29,7,2015,61,57.5,57,SA
29,7,2015,62,67.5,67.8,SA
29,7,2015,63,55.5,55.5,SA
29,7,2015,64,68.9,70.3,SA
29,7,2015,65,70,67.7,SA
29,7,2015,66,66.2,67.6,SA
29,7,2015,67,49,68.5,SA
29,7,2015,68,59,63.5,SA
29,7,2015,69,60,55.5,SA
29,7,2015,70,48.6,49.6,SA
29,7,2015,71,62,61.5,EH
29,7,2015,72,64,65.7,EH
29,7,2015,73,75,73.5,EH
29,7,2015,74,53.2,54.5,EH
29,7,2015,75,54,53.8,EH
29,7,2015,76,54.7,54.5,EH
29,7,2015,77,57,66,EH
29,7,2015,78,55.5,56.8,EH
29,7,2015,79,37,37.5,EH
29,7,2015,80,49.8,55.1,EH
29,7,2015,81,61.3,57.5,SA
29,7,2015,82,63.7,63.9,SA
29,7,2015,83,72.5,72.2,SA
29,7,2015,84,65.5,68.8,SA
29,7,2015,85,76.6,73.4,SA
29,7,2015,86,69,68.5,SA
29,7,2015,87,70,67.6,SA
29,7,2015,88,64.5,66.6,SA
29,7,2015,89,49,50.9,SA
29,7,2015,90,45.5,45.2,SA
29,7,2015,91,77.2,77.7,EH
29,7,2015,92,75.7,78.2,EH
29,7,2015,93,80.2,80.2,EH
29,7,2015,94,69.5,72,EH
29,7,2015,95,72.3,73.5,EH
29,7,2015,96,69.5,70.2,EH
29,7,2015,97,63,62.5,EH
29,7,2015,98,63.5,62,EH
29,7,2015,99,41,45,EH
29,7,2015,100,68.4,62.4,EH
2,8,2016,1,62,73,IW
2,8,2016,2,61,76,IW
2,8,2016,3,78,73,IW
2,8,2016,4,73,73,IW
2,8,2016,5,71,73,IW
2,8,2016,6,70,68,IW
2,8,2016,7,70,69,IW
2,8,2016,8,70,70,IW
2,8,2016,9,70,73,IW
2,8,2016,10,65,67,IW
2,8,2016,11,69,66,IW
2,8,2016,12,79,73,IW
2,8,2016,13,59,60,IW
2,8,2016,14,65,67,IW
2,8,2016,15,70,68,IW
2,8,2016,16,58,59,IW
2,8,2016,17,59,61,IW
2,8,2016,18,69,70,IW
2,8,2016,19,59,60,IW
2,8,2016,20,69,70,IW
2,8,2016,21,75,74,IW
2,8,2016,22,72,73.5,IW
2,8,2016,23,71,73,IW
2,8,2016,24,58,60,IW
2,8,2016,25,68,67,IW
2,8,2016,26,67,68,IW
2,8,2016,27,62,63,IW
2,8,2016,28,72,69,IW
2,8,2016,29,67,71,IW
2,8,2016,30,77,78,IW
2,8,2016,31,74,75,IW
2,8,2016,32,72,75,IW
2,8,2016,33,65,63,IW
2,8,2016,34,67,68,IW
2,8,2016,35,66,66,IW
2,8,2016,36,45,49,IW
2,8,2016,37,62,58,IW
2,8,2016,38,68,69,IW
2,8,2016,39,53,53,IW
2,8,2016,40,70,72,IW
2,8,2016,41,70,70,IW
2,8,2016,42,72,73,IW
2,8,2016,43,68,65,IW
2,8,2016,44,64,68,IW
2,8,2016,45,55,56,IW
2,8,2016,46,65,67,IW
2,8,2016,47,74,75,IW
2,8,2016,48,68,69,IW
2,8,2016,49,72,72,IW
2,8,2016,50,72,69,IW
2,8,2016,51,63,64,IW
2,8,2016,52,60,61,IW
2,8,2016,53,58,57,IW
2,8,2016,54,68,68,IW
2,8,2016,55,69,70,IW
2,8,2016,56,69,65,IW
2,8,2016,57,61,63,IW
2,8,2016,58,65,64,IW
2,8,2016,59,65,60,IW
2,8,2016,60,57,58,IW
2,8,2016,61,62,63,IW
2,8,2016,62,66,74,IW
2,8,2016,63,60,64,IW
2,8,2016,64,72,73,IW
2,8,2016,65,71,70,IW
2,8,2016,66,71,71,IW
2,8,2016,67,71,71,IW
2,8,2016,68,68,67,IW
2,8,2016,69,58,63,IW
2,8,2016,70,57,59,IW
2,8,2016,71,64,65,IW
2,8,2016,72,64,70,IW
2,8,2016,73,76,77,IW
2,8,2016,74,60,60,IW
2,8,2016,75,61,60,IW
2,8,2016,76,66,65,IW
2,8,2016,77,63,64,IW
2,8,2016,78,64,64,IW
2,8,2016,79,48,47,IW
2,8,2016,80,60,60,IW
2,8,2016,81,61,64,IW
2,8,2016,82,69,66,IW
2,8,2016,83,78,77,IW
2,8,2016,84,71,71,IW
2,8,2016,85,77,76,IW
2,8,2016,86,72,73,IW
2,8,2016,87,71,71,IW
2,8,2016,88,61,69,IW
2,8,2016,89,55,53,IW
2,8,2016,90,52,53,IW
2,8,2016,91,80,80,IW
2,8,2016,92,76,79,IW
2,8,2016,93,81,82,IW
2,8,2016,94,73,74,IW
2,8,2016,95,75,75,IW
2,8,2016,96,76,67,IW
2,8,2016,97,67,67,IW
2,8,2016,98,68,71,IW
2,8,2016,99,56,54,IW
2,8,2016,100,65,70,IW
7,8,2017,1,73,52,"EU, JL"
7,8,2017,2,71,64,"EU, JL"
7,8,2017,3,62,66,"EU, JL"
7,8,2017,4,67,67,"EU, JL"
7,8,2017,5,60,57,"EU, JL"
7,8,2017,6,63,57,"EU, JL"
7,8,2017,7,65,62,"EU, JL"
7,8,2017,8,56,63,"EU, JL"
7,8,2017,9,69,71,"EU, JL"
7,8,2017,10,60,62,"EU, JL"
7,8,2017,11,60,54,"EU, JL"
7,8,2017,12,76,72,"EU, JL"
7,8,2017,13,53,56,"EU, JL"
7,8,2017,14,65,65,"EU, JL"
7,8,2017,15,66,70,"EU, JL"
7,8,2017,16,55,57,"EU, JL"
7,8,2017,17,59,60,"EU, JL"
7,8,2017,18,75,70,"EU, JL"
7,8,2017,19,59,60,"EU, JL"
7,8,2017,20,75,71,"EU, JL"
7,8,2017,21,71,43,"EU, JL"
7,8,2017,22,58,57,"EU, JL"
7,8,2017,23,64,65,"EU, JL"
7,8,2017,24,56,56,"EU, JL"
7,8,2017,25,62,61,"EU, JL"
7,8,2017,26,65,55,"EU, JL"
7,8,2017,27,58,60,"EU, JL"
7,8,2017,28,67,61,"EU, JL"
7,8,2017,29,62,63,"EU, JL"
7,8,2017,30,76,72,"EU, JL"
7,8,2017,31,68,69,"EU, JL"
7,8,2017,32,45,55,"EU, JL"
7,8,2017,33,64,65,"EU, JL"
7,8,2017,34,68,66,"EU, JL"
7,8,2017,35,62,66,"EU, JL"
7,8,2017,36,44,44,"EU, JL"
7,8,2017,37,55,61,"EU, JL"
7,8,2017,38,69,67,"EU, JL"
7,8,2017,39,45,49,"EU, JL"
7,8,2017,40,63,68,"EU, JL"
7,8,2017,41,57,65,"EU, JL"
7,8,2017,42,55,68,"EU, JL"
7,8,2017,43,63,61,"EU, JL"
7,8,2017,44,63,64,"EU, JL"
7,8,2017,45,57,57,"EU, JL"
7,8,2017,46,61,61,"EU, JL"
7,8,2017,47,71,62,"EU, JL"
7,8,2017,48,70,62,"EU, JL"
7,8,2017,49,67,65,"EU, JL"
7,8,2017,50,66,66,"EU, JL"
7,8,2017,51,60,61,"EU, JL"
7,8,2017,52,55,58,"EU, JL"
7,8,2017,53,54,54,"EU, JL"
7,8,2017,54,64,65,"EU, JL"
7,8,2017,55,65,66,"EU, JL"
7,8,2017,56,61,64,"EU, JL"
7,8,2017,57,59,60,"EU, JL"
7,8,2017,58,64,65,"EU, JL"
7,8,2017,59,60,58,"EU, JL"
7,8,2017,60,56,47,"EU, JL"
7,8,2017,61,60,60,"EU, JL"
7,8,2017,62,67,66,"EU, JL"
7,8,2017,63,60,61,"EU, JL"
7,8,2017,64,68,58,"EU, JL"
7,8,2017,65,66,69,"EU, JL"
7,8,2017,66,65,67,"EU, JL"
7,8,2017,67,66,57,"EU, JL"
7,8,2017,68,60,63,"EU, JL"
7,8,2017,69,58,57,"EU, JL"
7,8,2017,70,49,51,"EU, JL"
7,8,2017,71,62,56,"EU, JL"
7,8,2017,72,65,60,"EU, JL"
7,8,2017,73,72,73,"EU, JL"
7,8,2017,74,55,54,"EU, JL"
7,8,2017,75,56,56,"EU, JL"
7,8,2017,76,58,56,"EU, JL"
7,8,2017,77,59,54,"EU, JL"
7,8,2017,78,68,63,"EU, JL"
7,8,2017,79,51,45,"EU, JL"
7,8,2017,80,53,52,"EU, JL"
7,8,2017,81,55,56,"EU, JL"
7,8,2017,82,72,52,"EU, JL"
7,8,2017,83,56,58,"EU, JL"
7,8,2017,84,56,58,"EU, JL"
7,8,2017,85,68,61,"EU, JL"
7,8,2017,86,64,60,"EU, JL"
7,8,2017,87,66,64,"EU, JL"
7,8,2017,88,53,51,"EU, JL"
7,8,2017,89,57,55,"EU, JL"
7,8,2017,90,46,46,"EU, JL"
7,8,2017,91,75,74,"EU, JL"
7,8,2017,92,76,73,"EU, JL"
7,8,2017,93,76,77,"EU, JL"
7,8,2017,94,70,67,"EU, JL"
7,8,2017,95,72,73,"EU, JL"
7,8,2017,96,70,71,"EU, JL"
7,8,2017,97,64,61,"EU, JL"
7,8,2017,98,64,64,"EU, JL"
7,8,2017,99,50,53,"EU, JL"
7,8,2017,100,58,61,"EU, JL"
